id;"protected;";"followers_count;";"friends_count;";"favourites_count;";"profile_use_background_image;";"hashtags_average;";"mentions_average;";"urls_average;";"description;";"statuses_count;";"listed_count;";"verified;";"contributors_enabled;";"default_profile;";"default_profile_image;";"is_translator;";is_fake
1;FALSE;2232;414;4227;TRUE;0.1;0.85;0.35;101;3415;2;FALSE;FALSE;FALSE;FALSE;FALSE;FALSE
2;FALSE;19;128;479;TRUE;0.05;0.6;0;0;140;0;FALSE;FALSE;TRUE;FALSE;FALSE;FALSE
3;FALSE;121;53;1567;TRUE;0.2;0.35;0;67;1242;0;FALSE;FALSE;FALSE;FALSE;FALSE;FALSE
4;FALSE;4112;710;1129;TRUE;0.75;0.5;0;35;8066;3;FALSE;FALSE;FALSE;FALSE;FALSE;FALSE
5;FALSE;304;175;3424;TRUE;0.85;1.1;0;69;1525;0;FALSE;FALSE;TRUE;FALSE;FALSE;FALSE
6;FALSE;13;50;0;TRUE;0;0;0;0;0;0;FALSE;FALSE;TRUE;TRUE;FALSE;TRUE
7;FALSE;39;53;4;TRUE;0;0;0;0;0;0;FALSE;FALSE;TRUE;TRUE;FALSE;TRUE
8;FALSE;1065;22;0;FALSE;0;0;1;85;8812;0;FALSE;FALSE;FALSE;FALSE;FALSE;TRUE
9;FALSE;1193;2039;2470;TRUE;0.35;0.45;0;71;1955;0;FALSE;FALSE;TRUE;FALSE;FALSE;FALSE
10;FALSE;7;92;1;TRUE;0;0;1;0;1;0;FALSE;FALSE;TRUE;TRUE;FALSE;TRUE
11;FALSE;1409;1996;13332;TRUE;0.2;1.15;0.05;110;14870;7;FALSE;FALSE;FALSE;FALSE;FALSE;FALSE
12;FALSE;758;95;9226;TRUE;0;1.25;0;0;382;0;FALSE;FALSE;TRUE;FALSE;FALSE;FALSE
13;FALSE;2459;3290;13324;FALSE;0.25;2.25;0.3;2;13584;2;FALSE;FALSE;FALSE;FALSE;FALSE;FALSE
14;FALSE;6726;1724;100;TRUE;1.7;0;0.9;20;5607;5;FALSE;FALSE;TRUE;FALSE;FALSE;TRUE
15;FALSE;156;177;3760;TRUE;0.5;0.15;0.35;35;508;0;FALSE;FALSE;TRUE;FALSE;FALSE;FALSE
16;FALSE;1892;232;18;TRUE;2.8;0;1;84;27999;2;FALSE;FALSE;TRUE;FALSE;FALSE;TRUE
17;FALSE;1326;68;19;FALSE;0.45;0.3;0.05;21;235;1;FALSE;FALSE;FALSE;FALSE;FALSE;TRUE
18;FALSE;174;298;534;TRUE;0.2;0.05;0;36;919;0;FALSE;FALSE;TRUE;FALSE;FALSE;FALSE
19;FALSE;6860;5634;6;TRUE;3.5;0.25;0;87;14136;1;FALSE;FALSE;TRUE;FALSE;FALSE;TRUE
20;FALSE;540;245;4724;TRUE;0.1;0.15;0.15;126;19775;0;FALSE;FALSE;FALSE;FALSE;FALSE;FALSE
21;FALSE;31772;32349;34548;TRUE;0.45;0.05;0.05;138;1903;16;FALSE;FALSE;TRUE;FALSE;FALSE;FALSE
22;FALSE;3583;2137;3181;TRUE;0;0.05;0;113;8320;1;FALSE;FALSE;TRUE;FALSE;FALSE;FALSE
23;FALSE;197;175;474;TRUE;0.7;0.25;0.15;0;329;0;FALSE;FALSE;FALSE;FALSE;FALSE;FALSE
24;FALSE;84;9;210;TRUE;0.95;0.1;0;17;319;0;FALSE;FALSE;TRUE;FALSE;FALSE;FALSE
25;FALSE;883290;65;2789;FALSE;0.85;0.6;0.65;77;51521;544;TRUE;FALSE;FALSE;FALSE;FALSE;FALSE
26;FALSE;1253;69;62950;TRUE;0.05;0.85;0.6;58;98728;69;FALSE;FALSE;TRUE;FALSE;FALSE;FALSE
27;FALSE;933919;1;0;TRUE;0.75;0.65;0.15;5;262;2395;TRUE;FALSE;FALSE;FALSE;FALSE;FALSE
28;FALSE;273;4901;19990;TRUE;0.15;0.95;0.2;28;7364;0;FALSE;FALSE;TRUE;FALSE;FALSE;FALSE
29;FALSE;88;84;146;FALSE;0.15;0.95;0.05;104;626;0;FALSE;FALSE;FALSE;FALSE;FALSE;FALSE
30;FALSE;12674;9066;28263;TRUE;0;0.35;0;0;1727;67;FALSE;FALSE;TRUE;FALSE;FALSE;FALSE
31;FALSE;285;298;407;TRUE;0.1;0.95;0.05;43;15837;0;FALSE;FALSE;TRUE;FALSE;FALSE;FALSE
32;FALSE;923;244;2019;TRUE;0.45;0.15;0.15;27;1951;2;FALSE;FALSE;FALSE;FALSE;FALSE;FALSE
33;FALSE;15452;15312;16159;TRUE;0.6;1.8;0.05;158;16128;6;FALSE;FALSE;TRUE;FALSE;FALSE;FALSE
34;FALSE;433;2218;11;FALSE;2.05;0.1;1.5;45;135;0;FALSE;FALSE;FALSE;FALSE;FALSE;TRUE
35;FALSE;2738;4787;25685;TRUE;0.8;0.15;0.05;45;369;0;FALSE;FALSE;TRUE;FALSE;FALSE;FALSE
36;FALSE;429;195;8067;FALSE;0.05;0.6;0.05;29;1439;0;FALSE;FALSE;FALSE;FALSE;FALSE;FALSE
37;FALSE;163;352;257;TRUE;0.25;0.95;0.05;89;472;2;FALSE;FALSE;TRUE;FALSE;FALSE;FALSE
38;FALSE;1512;660;30517;TRUE;0.7;0.65;0;100;6800;2;FALSE;FALSE;TRUE;FALSE;FALSE;FALSE
39;FALSE;225;99;4380;TRUE;0.1;0.05;0;154;1352;0;FALSE;FALSE;TRUE;FALSE;FALSE;FALSE
40;FALSE;76;102;105;TRUE;0.8;0.1;0;59;1132;0;FALSE;FALSE;FALSE;FALSE;FALSE;FALSE
41;FALSE;49825;5255;30099;TRUE;0.3;2.95;0.1;32;105693;62;FALSE;FALSE;FALSE;FALSE;FALSE;FALSE
42;FALSE;343;361;5310;FALSE;0.75;0;0.2;113;1663;0;FALSE;FALSE;FALSE;FALSE;FALSE;FALSE
43;FALSE;111888;35392;41993;TRUE;0.15;1.7;0.5;130;41244;77;FALSE;FALSE;FALSE;FALSE;FALSE;FALSE
44;FALSE;103;248;337;TRUE;0;1.7;0.9;58;274;0;FALSE;FALSE;TRUE;FALSE;FALSE;FALSE
45;FALSE;12546;11742;21820;TRUE;0.35;1.85;0.1;129;19321;6;FALSE;FALSE;TRUE;FALSE;FALSE;FALSE
46;FALSE;2;7;39;TRUE;0.1;0.95;0;0;115;0;FALSE;FALSE;TRUE;FALSE;FALSE;TRUE
47;FALSE;146;300;599;TRUE;0.05;0.7;0;29;1578;1;FALSE;FALSE;TRUE;FALSE;FALSE;FALSE
48;FALSE;1756;854;2660;TRUE;0.05;1;0.1;67;10476;1;FALSE;FALSE;FALSE;FALSE;FALSE;FALSE
49;FALSE;14589;15479;201;TRUE;0;0;0;141;45976;7;FALSE;FALSE;TRUE;FALSE;FALSE;FALSE
50;FALSE;2986450;9;0;TRUE;0.9;0;0.5;119;284;0;TRUE;FALSE;FALSE;FALSE;FALSE;FALSE
51;FALSE;752;843;40568;TRUE;0.05;0.8;0;26;5299;1;FALSE;FALSE;FALSE;FALSE;FALSE;FALSE
52;FALSE;2685;1050;772;FALSE;0.65;0.2;0.1;20;1110;0;FALSE;FALSE;FALSE;FALSE;FALSE;FALSE
53;FALSE;201;100;2299;TRUE;0.05;0.55;0;92;530;0;FALSE;FALSE;TRUE;FALSE;FALSE;FALSE
54;FALSE;172;172;8178;FALSE;0.15;0.8;0;0;1695;0;FALSE;FALSE;FALSE;FALSE;FALSE;FALSE
55;FALSE;88;148;638;TRUE;0.1;0.55;0;0;192;0;FALSE;FALSE;TRUE;FALSE;FALSE;FALSE
56;FALSE;27030;25712;85360;TRUE;1.3;0;0.95;111;6107;30;FALSE;FALSE;TRUE;FALSE;FALSE;FALSE
57;FALSE;640;440;4754;TRUE;0.85;0.1;0;89;204;0;FALSE;FALSE;TRUE;FALSE;FALSE;FALSE
58;FALSE;1052;1008;14922;TRUE;0;0.9;0.35;0;9267;0;FALSE;FALSE;TRUE;FALSE;FALSE;FALSE
59;FALSE;80275;62891;13768;TRUE;0.5;0.2;0.4;110;18303;96;FALSE;FALSE;FALSE;FALSE;FALSE;FALSE
60;FALSE;63;135;1283;TRUE;0;1.05;0.1;0;2116;0;FALSE;FALSE;TRUE;FALSE;FALSE;FALSE
61;FALSE;166;56;601;TRUE;0.2;0.3;0.1;46;1065;0;FALSE;FALSE;TRUE;FALSE;FALSE;FALSE
62;FALSE;133;62;2484;TRUE;0.05;0.85;0;96;266;0;FALSE;FALSE;TRUE;FALSE;FALSE;FALSE
63;FALSE;790;903;316;TRUE;0.1;0.2;0.1;25;271;0;FALSE;FALSE;TRUE;FALSE;FALSE;FALSE
64;FALSE;4379;4820;13736;TRUE;0;0.3;0;42;6495;2;FALSE;FALSE;TRUE;FALSE;FALSE;FALSE
65;FALSE;234;94;621;FALSE;0.2;0.65;0.1;77;55;0;FALSE;FALSE;FALSE;FALSE;FALSE;FALSE
66;FALSE;3102;1750;6298;FALSE;1.45;2.1;0.35;157;4594;247;FALSE;FALSE;FALSE;FALSE;FALSE;FALSE
67;FALSE;183;227;448;FALSE;0.05;0.74;0.16;28;538;3;FALSE;FALSE;FALSE;FALSE;FALSE;FALSE
68;FALSE;359;39;0;TRUE;0;0;1;0;35781;7;FALSE;FALSE;TRUE;TRUE;FALSE;TRUE
69;FALSE;15199;16169;1137;TRUE;0.3;0.8;0.25;0;140379;14;FALSE;FALSE;FALSE;FALSE;FALSE;TRUE
70;FALSE;3095;3335;2686;TRUE;0.25;0.55;0.1;120;5394;3;FALSE;FALSE;TRUE;FALSE;FALSE;FALSE
71;FALSE;5192;160;57;TRUE;0;0.6;0.1;35;41080;23;FALSE;FALSE;FALSE;FALSE;FALSE;FALSE
72;FALSE;31757;17875;3326;FALSE;2.2;0.3;0.95;159;451;24;FALSE;FALSE;FALSE;FALSE;FALSE;TRUE
73;FALSE;3;0;0;FALSE;3.7;0;2;21;1615;0;FALSE;FALSE;FALSE;FALSE;FALSE;TRUE
74;FALSE;171;12;0;TRUE;0;0;1;155;8419;0;FALSE;FALSE;TRUE;FALSE;FALSE;TRUE
75;FALSE;189;442;268;TRUE;0.05;1.6;0;45;7664;1;FALSE;FALSE;TRUE;FALSE;FALSE;FALSE
76;FALSE;552;530;866;TRUE;1.55;1;0;7;877;0;FALSE;FALSE;TRUE;FALSE;FALSE;FALSE
77;TRUE;52;175;269;FALSE;0;1.37;0.32;21;98;1;FALSE;FALSE;FALSE;FALSE;FALSE;FALSE
78;FALSE;4536;556;7420;FALSE;1;0;0.95;0;65;2;FALSE;FALSE;FALSE;TRUE;FALSE;TRUE
79;FALSE;8;179;4;TRUE;0.8;0.6;1;0;1154;0;FALSE;FALSE;TRUE;TRUE;FALSE;TRUE
80;FALSE;19651;13120;101190;FALSE;0.5;0.8;0.15;61;100965;37;FALSE;FALSE;FALSE;FALSE;FALSE;FALSE
81;FALSE;2124;496;42;TRUE;0.55;1.1;0.05;40;478;3;FALSE;FALSE;FALSE;FALSE;FALSE;TRUE
82;FALSE;4;89;2;TRUE;2.5;0.25;0.25;6;4;0;FALSE;FALSE;TRUE;FALSE;FALSE;TRUE
83;FALSE;42447;176;4141;TRUE;0;0.15;0.45;46;475;127;FALSE;FALSE;FALSE;FALSE;FALSE;FALSE
84;FALSE;1289;1257;16009;TRUE;0.1;0.8;0.15;0;369;4;FALSE;FALSE;TRUE;FALSE;FALSE;FALSE
85;FALSE;1236;176;2154;TRUE;0.4;0.5;0.25;149;4852;4;FALSE;FALSE;TRUE;FALSE;FALSE;FALSE
86;FALSE;147;198;721;TRUE;0.35;0.85;0.15;0;1467;0;FALSE;FALSE;TRUE;FALSE;FALSE;FALSE
87;FALSE;25830;992;21583;TRUE;0;1.05;0.25;157;103319;263;TRUE;FALSE;FALSE;FALSE;FALSE;FALSE
88;FALSE;224;244;350;FALSE;0.7;0.6;0;19;92;0;FALSE;FALSE;FALSE;FALSE;FALSE;FALSE
89;FALSE;699;541;11479;TRUE;3.35;0.1;0.5;157;24444;3;FALSE;FALSE;TRUE;FALSE;FALSE;TRUE
90;FALSE;463;966;558;TRUE;0.15;0.9;0;76;2456;1;FALSE;FALSE;TRUE;FALSE;FALSE;FALSE
91;FALSE;84931;58777;21024;TRUE;0.2;0.1;0.35;76;4773;129;FALSE;FALSE;FALSE;FALSE;FALSE;FALSE
92;FALSE;1556;2;0;TRUE;0;0;0;0;1;4;FALSE;FALSE;TRUE;TRUE;FALSE;TRUE
93;FALSE;383;308;5567;TRUE;0.8;0.9;0.1;11;253;2;FALSE;FALSE;TRUE;FALSE;FALSE;FALSE
94;FALSE;113;240;1372;TRUE;0.25;1.1;0.1;93;1852;3;FALSE;FALSE;TRUE;FALSE;FALSE;FALSE
95;FALSE;228;122;1349;TRUE;0.15;1.8;0.3;40;6851;1;FALSE;FALSE;TRUE;FALSE;FALSE;TRUE
96;FALSE;552;163;839;TRUE;0;1;0.35;115;15870;2;FALSE;FALSE;FALSE;FALSE;FALSE;FALSE
97;FALSE;1854;904;90697;TRUE;0.1;0.4;0.05;66;293;17;FALSE;FALSE;TRUE;FALSE;FALSE;FALSE
98;FALSE;25696;17136;103148;TRUE;0.65;0.3;0.6;76;136262;42;FALSE;FALSE;TRUE;FALSE;FALSE;FALSE
99;FALSE;208;240;5842;TRUE;0.1;1.95;0.25;0;9063;1;FALSE;FALSE;TRUE;FALSE;FALSE;FALSE
100;FALSE;776;679;35964;TRUE;0.35;1.35;0.15;160;8833;2;FALSE;FALSE;FALSE;FALSE;FALSE;FALSE
101;FALSE;100541;41474;844;TRUE;0.37;0.32;0.05;3;4518;76;FALSE;FALSE;FALSE;FALSE;FALSE;FALSE
102;FALSE;132;117;29;TRUE;0.75;0;0.25;69;45;1;FALSE;FALSE;FALSE;FALSE;FALSE;FALSE
103;FALSE;5629;4;2185;TRUE;4.1;0;0.05;72;9461;13;FALSE;FALSE;FALSE;FALSE;FALSE;TRUE
104;FALSE;7922;6879;22419;TRUE;0.7;0.9;0.15;158;32805;10;FALSE;FALSE;TRUE;FALSE;FALSE;FALSE
105;FALSE;1326;2011;1021;FALSE;0.8;0.1;0;98;217;0;FALSE;FALSE;FALSE;FALSE;FALSE;FALSE
106;FALSE;9764;8178;12042;TRUE;0.6;2.4;0.1;160;13333;15;FALSE;FALSE;TRUE;FALSE;FALSE;FALSE
107;FALSE;5150;279;207;TRUE;0.14;0;1.29;0;34;4;FALSE;FALSE;FALSE;FALSE;FALSE;TRUE
108;FALSE;1035;405;2921;FALSE;0.15;0;1;23;69530;4;FALSE;FALSE;FALSE;FALSE;FALSE;TRUE
109;FALSE;2572;4405;19313;FALSE;0.35;1;0.3;0;43145;7;FALSE;FALSE;FALSE;FALSE;FALSE;FALSE
110;FALSE;461;62;239;TRUE;0.75;0.45;0.25;54;3694;0;FALSE;FALSE;FALSE;FALSE;FALSE;FALSE
111;FALSE;448;426;5426;TRUE;0.3;0.6;0.05;75;4092;1;FALSE;FALSE;FALSE;FALSE;FALSE;FALSE
112;FALSE;536;319;1032;TRUE;0.5;0.45;0.05;46;635;3;FALSE;FALSE;FALSE;FALSE;FALSE;FALSE
113;FALSE;520;250;6935;FALSE;0.3;0.5;0.1;54;3141;0;FALSE;FALSE;FALSE;FALSE;FALSE;FALSE
114;FALSE;14772;5782;53588;TRUE;0.1;1.3;0.2;28;58486;41;FALSE;FALSE;TRUE;FALSE;FALSE;FALSE
115;FALSE;10916;6357;21324;TRUE;0.45;4.75;0.4;22;33296;17;FALSE;FALSE;FALSE;FALSE;FALSE;FALSE
116;FALSE;1445;969;12002;TRUE;0.06;0.44;0.11;61;13998;3;FALSE;FALSE;TRUE;FALSE;FALSE;FALSE
117;FALSE;359;39;0;TRUE;0;0;1;0;35781;7;FALSE;FALSE;TRUE;TRUE;FALSE;TRUE
118;FALSE;3604;1564;131704;TRUE;0.55;0.05;0.25;160;945;24;FALSE;FALSE;TRUE;FALSE;FALSE;FALSE
119;FALSE;130;161;826;TRUE;0.1;0.85;0.05;31;328;0;FALSE;FALSE;TRUE;FALSE;FALSE;FALSE
120;FALSE;44;41;1064;TRUE;0.75;0.2;0;0;1108;0;FALSE;FALSE;TRUE;FALSE;FALSE;FALSE
121;FALSE;301;16;9663;TRUE;0.7;0.45;0;65;9220;0;FALSE;FALSE;TRUE;FALSE;FALSE;FALSE
122;FALSE;6836;4403;31187;TRUE;0.5;2.1;0.05;154;20132;4;FALSE;FALSE;TRUE;FALSE;FALSE;FALSE
123;FALSE;536;332;414;TRUE;0.2;1.9;0.45;158;2649;8;FALSE;FALSE;FALSE;FALSE;FALSE;FALSE
124;FALSE;4253;5644;19086;FALSE;0.11;0.56;0.33;129;16204;8;FALSE;FALSE;FALSE;FALSE;FALSE;TRUE
125;FALSE;509;243;3222;TRUE;0;0.15;0.15;25;2850;0;FALSE;FALSE;TRUE;FALSE;FALSE;FALSE
126;FALSE;533;563;7674;FALSE;0.05;1.15;0.2;70;5507;1;FALSE;FALSE;FALSE;FALSE;FALSE;FALSE
127;FALSE;276;624;4261;TRUE;2.1;0.4;0.45;55;12297;25;FALSE;FALSE;TRUE;FALSE;FALSE;FALSE
128;FALSE;1273;495;8461;TRUE;0.35;0.6;0;21;33588;5;FALSE;FALSE;FALSE;FALSE;FALSE;FALSE
129;FALSE;1040;918;15220;TRUE;0;1.65;0.2;108;21903;1;FALSE;FALSE;TRUE;FALSE;FALSE;FALSE
130;FALSE;752;500;3672;TRUE;0;0.5;0.25;50;3321;2;FALSE;FALSE;TRUE;FALSE;FALSE;FALSE
131;FALSE;46317;43767;8318;TRUE;0.65;0.5;0.45;23;17935;45;FALSE;FALSE;TRUE;FALSE;FALSE;FALSE
132;FALSE;293682;1725;24982;TRUE;0.35;0.35;0.1;5;1366;622;FALSE;FALSE;TRUE;FALSE;FALSE;FALSE
133;FALSE;21889;463;20145;TRUE;0.1;1.3;0.2;101;57458;103;FALSE;FALSE;FALSE;FALSE;FALSE;FALSE
134;FALSE;17220;9825;30221;TRUE;0.3;4.05;0.2;77;28842;19;FALSE;FALSE;TRUE;FALSE;FALSE;FALSE
135;FALSE;568;199;3366;TRUE;0.05;0.9;0.05;23;9607;2;FALSE;FALSE;FALSE;FALSE;FALSE;FALSE
136;FALSE;10784;10787;4190;FALSE;0.45;0.4;0.45;97;1097;4;FALSE;FALSE;FALSE;FALSE;FALSE;FALSE
137;FALSE;10818;1716;10773;TRUE;0.8;0.9;0.15;84;7268;4;FALSE;FALSE;TRUE;FALSE;FALSE;FALSE
138;FALSE;5;0;2;TRUE;4.3;0;1;33;795;0;FALSE;FALSE;TRUE;FALSE;FALSE;TRUE
139;FALSE;5763;1189;74759;TRUE;0.35;3.85;0.2;136;147785;15;FALSE;FALSE;TRUE;FALSE;FALSE;FALSE
140;FALSE;28;10;3;TRUE;0.4;0;1;23;717;0;FALSE;FALSE;FALSE;FALSE;FALSE;TRUE
141;FALSE;798;377;5350;TRUE;0.5;0.5;0;41;1728;1;FALSE;FALSE;FALSE;FALSE;FALSE;FALSE
142;FALSE;4198;3336;62927;TRUE;0.05;0.55;0.2;55;10603;10;FALSE;FALSE;TRUE;FALSE;FALSE;FALSE
143;FALSE;513;1019;2288;TRUE;1.2;1.25;0.05;45;440;0;FALSE;FALSE;TRUE;FALSE;FALSE;FALSE
144;FALSE;6829;4293;78769;TRUE;0.3;4.1;0.05;28;99629;13;FALSE;FALSE;TRUE;FALSE;FALSE;FALSE
145;FALSE;46068;319;220;TRUE;2.45;0.05;1.3;23;750;0;FALSE;FALSE;TRUE;FALSE;FALSE;TRUE
146;FALSE;318;288;89;TRUE;1.95;0.05;1.8;63;170;0;FALSE;FALSE;TRUE;FALSE;FALSE;TRUE
147;FALSE;3;75;0;TRUE;0.5;0;1;8;29;0;FALSE;FALSE;TRUE;FALSE;FALSE;TRUE
148;FALSE;36;220;29;TRUE;1.68;0.32;0.37;0;31;0;FALSE;FALSE;FALSE;FALSE;FALSE;TRUE
149;FALSE;71;34;115;TRUE;2.8;0.1;0.05;5;74;0;FALSE;FALSE;TRUE;FALSE;FALSE;TRUE
150;FALSE;0;31;0;TRUE;0.45;0;0.6;0;27;0;FALSE;FALSE;TRUE;FALSE;FALSE;TRUE
151;FALSE;131;26;0;FALSE;4.35;0;1;109;608;3;FALSE;FALSE;FALSE;FALSE;FALSE;TRUE
152;FALSE;6208;3656;4727;FALSE;1.9;2;0.7;64;2636;12;FALSE;FALSE;FALSE;FALSE;FALSE;TRUE
153;FALSE;11181;6707;126921;TRUE;0.2;0.55;0.35;72;18218;38;FALSE;FALSE;TRUE;FALSE;FALSE;FALSE
154;FALSE;6264;399;8271;FALSE;0.2;0.55;0.1;143;4721;4;FALSE;FALSE;FALSE;FALSE;FALSE;FALSE
155;FALSE;6737;3682;44810;TRUE;0.1;2.6;0.05;154;32488;15;FALSE;FALSE;TRUE;FALSE;FALSE;FALSE
156;FALSE;20832;13078;75442;TRUE;0.45;1;0;128;15608;44;FALSE;FALSE;FALSE;FALSE;FALSE;FALSE
157;FALSE;749;1999;998;TRUE;0.25;0.6;0.1;49;7301;1;FALSE;FALSE;FALSE;FALSE;FALSE;FALSE
158;FALSE;493;1488;80;TRUE;0.15;1.45;0.45;131;4757;1;FALSE;FALSE;TRUE;FALSE;FALSE;FALSE
159;FALSE;1796;195;13603;TRUE;0.7;0.55;0.65;22;44645;16;FALSE;FALSE;FALSE;FALSE;FALSE;TRUE
160;FALSE;78909;77767;42247;TRUE;0;0.15;0.75;156;10808;40;FALSE;FALSE;FALSE;FALSE;FALSE;FALSE
161;FALSE;129909;7;3097;TRUE;0;0.1;0.6;149;6476;128;FALSE;FALSE;FALSE;FALSE;FALSE;FALSE
162;FALSE;2626;0;0;TRUE;0.15;0.1;0.35;118;264;1;FALSE;FALSE;TRUE;FALSE;FALSE;FALSE
163;FALSE;20254;16739;5077;TRUE;0.8;0;1.95;27;2090;5;FALSE;FALSE;FALSE;FALSE;FALSE;TRUE
164;FALSE;1;49;2;FALSE;0.3;0.6;0.1;0;34;0;FALSE;FALSE;FALSE;FALSE;FALSE;TRUE
165;FALSE;17945;85;7255;TRUE;1.45;0.9;0;154;1794;19;FALSE;FALSE;TRUE;FALSE;FALSE;FALSE
166;FALSE;4455;266;183;TRUE;0.15;0;1;114;6558;14;FALSE;FALSE;FALSE;FALSE;FALSE;FALSE
167;FALSE;772;737;1724;TRUE;0.5;0.25;0.15;89;2905;0;FALSE;FALSE;FALSE;FALSE;FALSE;FALSE
168;FALSE;1239;1374;29;TRUE;2.1;0;1.85;23;2041;1;FALSE;FALSE;TRUE;FALSE;FALSE;TRUE
169;FALSE;35346;18731;3520;FALSE;0.2;1;0.05;137;4914;13;FALSE;FALSE;FALSE;FALSE;FALSE;FALSE
170;FALSE;3346;2;6;TRUE;3.8;0;0.05;73;5817;5;FALSE;FALSE;TRUE;FALSE;FALSE;TRUE
171;FALSE;62862;44567;77689;TRUE;0;0.1;0.6;160;5281;117;FALSE;FALSE;FALSE;FALSE;FALSE;FALSE
172;FALSE;24712;21327;85414;TRUE;0;0.85;0.05;49;22674;75;FALSE;FALSE;FALSE;FALSE;FALSE;FALSE
173;FALSE;81;65;1844;TRUE;0.9;0.1;0;105;1578;0;FALSE;FALSE;TRUE;FALSE;FALSE;FALSE
174;FALSE;427;243;3264;TRUE;0;0.35;0;115;1446;0;FALSE;FALSE;FALSE;FALSE;FALSE;FALSE
175;FALSE;2148;2280;5757;TRUE;0.6;2;0;96;3181;1;FALSE;FALSE;TRUE;FALSE;FALSE;FALSE
176;FALSE;41;11;1;TRUE;0.7;0.5;0.4;0;69;0;FALSE;FALSE;TRUE;FALSE;FALSE;FALSE
177;FALSE;1346;893;4009;TRUE;0.2;0.4;0.05;122;4765;1;FALSE;FALSE;FALSE;FALSE;FALSE;FALSE
178;FALSE;626;713;360;TRUE;0.15;1.2;0.05;62;445;0;FALSE;FALSE;TRUE;FALSE;FALSE;TRUE
179;FALSE;216353;94;184372;TRUE;0.05;0.3;0.2;38;2539;115;FALSE;FALSE;FALSE;FALSE;FALSE;FALSE
180;FALSE;12;30;97;TRUE;0.95;0;0;0;209;0;FALSE;FALSE;TRUE;FALSE;FALSE;FALSE
181;FALSE;170;222;1258;FALSE;0.6;0.55;0;127;234;0;FALSE;FALSE;FALSE;FALSE;FALSE;FALSE
182;FALSE;18983;15758;5764;TRUE;0.8;0.7;0.65;160;119010;134;FALSE;FALSE;FALSE;FALSE;FALSE;FALSE
183;FALSE;423588;367306;3098;TRUE;0;0.1;0.25;79;1767;112;TRUE;FALSE;FALSE;FALSE;FALSE;FALSE
184;FALSE;540;913;2760;TRUE;0.05;1.05;0.1;38;789;0;FALSE;FALSE;TRUE;FALSE;FALSE;FALSE
185;FALSE;2106;486;5646;FALSE;0.3;0.5;0.1;58;3263;4;FALSE;FALSE;FALSE;FALSE;FALSE;FALSE
186;FALSE;3699;3462;33092;TRUE;0.25;0.7;0.15;105;6813;9;FALSE;FALSE;TRUE;FALSE;FALSE;FALSE
187;FALSE;340;196;447;TRUE;0.05;1.15;0.25;17;5888;2;FALSE;FALSE;FALSE;FALSE;FALSE;FALSE
188;FALSE;115;35;3003;TRUE;1.15;0.7;0.6;160;3702;0;FALSE;FALSE;TRUE;FALSE;FALSE;TRUE
189;FALSE;336;117;93;TRUE;0.15;0.55;0.05;68;143;0;FALSE;FALSE;TRUE;FALSE;FALSE;FALSE
190;FALSE;33;30;137;TRUE;0.65;1.3;0;0;6635;0;FALSE;FALSE;TRUE;FALSE;FALSE;FALSE
191;FALSE;287;802;332;TRUE;0.65;0.9;0.2;0;2411;1;FALSE;FALSE;FALSE;FALSE;FALSE;FALSE
192;FALSE;193;124;421;TRUE;0;0.89;0.16;0;1308;0;FALSE;FALSE;FALSE;FALSE;FALSE;FALSE
193;FALSE;4635;204;3907;TRUE;0.5;0.15;0.5;104;1444;5;FALSE;FALSE;TRUE;FALSE;FALSE;TRUE
194;FALSE;3381;5000;6213;TRUE;1.3;1.15;0.55;55;2269;1;FALSE;FALSE;TRUE;FALSE;FALSE;TRUE
195;FALSE;65930;13304;70;FALSE;0.65;0.75;0.55;153;241;0;FALSE;FALSE;FALSE;FALSE;FALSE;FALSE
196;FALSE;24;56;8;TRUE;0.31;0.63;0.06;33;16;0;FALSE;FALSE;FALSE;FALSE;FALSE;FALSE
197;FALSE;497;209;2410;TRUE;0;0.55;0;44;7867;0;FALSE;FALSE;FALSE;FALSE;FALSE;FALSE
198;FALSE;1380;193;53;TRUE;0.15;0.05;0;101;14869;9;FALSE;FALSE;FALSE;FALSE;FALSE;FALSE
199;FALSE;539;347;4279;TRUE;0.11;0.67;0;72;2851;2;FALSE;FALSE;TRUE;FALSE;FALSE;FALSE
200;FALSE;384;169;3646;TRUE;0.1;0.2;0;31;885;0;FALSE;FALSE;FALSE;FALSE;FALSE;FALSE
201;FALSE;341;499;3928;TRUE;0;0;0;37;802;0;FALSE;FALSE;TRUE;FALSE;FALSE;FALSE
202;FALSE;5436;4468;23393;TRUE;0.25;0.75;0.25;58;1914;2;FALSE;FALSE;FALSE;FALSE;FALSE;FALSE
203;FALSE;606;217;3234;TRUE;0;0.7;0.1;33;12222;4;FALSE;FALSE;FALSE;FALSE;FALSE;FALSE
204;FALSE;942;344;8765;TRUE;0;0.1;0;19;510;1;FALSE;FALSE;FALSE;FALSE;FALSE;FALSE
205;FALSE;842;271;1722;TRUE;0;0.9;0;15;944;0;FALSE;FALSE;FALSE;FALSE;FALSE;FALSE
206;FALSE;1066;91;1245;TRUE;0.05;0.26;0;48;264;0;FALSE;FALSE;TRUE;FALSE;FALSE;FALSE
207;FALSE;664;45;1698;TRUE;1.05;0.65;0.2;19;1689;0;FALSE;FALSE;TRUE;FALSE;FALSE;FALSE
208;FALSE;668;178;16779;TRUE;0.6;0.45;0.1;20;22692;2;FALSE;FALSE;FALSE;FALSE;FALSE;FALSE
209;FALSE;537761;373352;151642;TRUE;0.05;0;0;68;23580;161;TRUE;FALSE;FALSE;FALSE;FALSE;FALSE
210;FALSE;324;226;232;FALSE;4.8;0;1;160;4059;16;FALSE;FALSE;FALSE;FALSE;FALSE;TRUE
211;FALSE;172;71;2482;TRUE;0;0.35;0;9;194;0;FALSE;FALSE;TRUE;FALSE;FALSE;FALSE
212;FALSE;758;241;5072;TRUE;0.25;0.3;0;33;6256;0;FALSE;FALSE;FALSE;FALSE;FALSE;FALSE
213;FALSE;218;183;5188;TRUE;1.8;0.7;0.4;106;6890;0;FALSE;FALSE;TRUE;FALSE;FALSE;TRUE
214;FALSE;231;55;4158;TRUE;0.2;0.9;0.4;160;4570;6;FALSE;FALSE;FALSE;FALSE;FALSE;FALSE
215;FALSE;91;195;412;TRUE;0;0.05;0.05;26;514;0;FALSE;FALSE;TRUE;FALSE;FALSE;FALSE
216;FALSE;1498670;221;49252;FALSE;0.05;0.15;0;146;17609;347;FALSE;FALSE;FALSE;FALSE;FALSE;FALSE
217;FALSE;30;215;996;TRUE;0.95;0.05;0.05;0;617;0;FALSE;FALSE;TRUE;FALSE;FALSE;TRUE
218;FALSE;859;865;9866;TRUE;0.3;0.1;0.15;79;2101;1;FALSE;FALSE;FALSE;FALSE;FALSE;FALSE
219;FALSE;297;197;1648;TRUE;7.4;0;0.95;125;3883;5;FALSE;FALSE;FALSE;FALSE;FALSE;TRUE
220;FALSE;735;1620;30;FALSE;2.7;0;0.9;137;42;0;FALSE;FALSE;FALSE;FALSE;FALSE;TRUE
221;FALSE;209;86;1160;TRUE;0;1.15;0.8;19;3143;1;FALSE;FALSE;FALSE;FALSE;FALSE;FALSE
222;FALSE;739;57;3719;TRUE;0.75;0.7;0.15;68;1753;1;FALSE;FALSE;TRUE;FALSE;FALSE;FALSE
223;FALSE;205;28;0;FALSE;0.1;0;1;155;1374;0;FALSE;FALSE;FALSE;FALSE;FALSE;TRUE
224;FALSE;2;5;0;TRUE;0;0;0;0;0;0;FALSE;FALSE;TRUE;TRUE;FALSE;TRUE
225;FALSE;2;1;0;TRUE;0;0;0;0;0;0;FALSE;FALSE;TRUE;FALSE;FALSE;TRUE
226;FALSE;73;96;320;TRUE;0.35;0.75;0.05;0;314;0;FALSE;FALSE;TRUE;FALSE;FALSE;FALSE
227;FALSE;243;184;3063;TRUE;0;0.85;0.05;0;2336;1;FALSE;FALSE;FALSE;FALSE;FALSE;FALSE
228;FALSE;93896;54656;8391;TRUE;1.9;0.05;0.95;72;6953;109;FALSE;FALSE;TRUE;FALSE;FALSE;TRUE
229;FALSE;315755;1;22466;TRUE;0;0.8;0.15;82;8928;308;TRUE;FALSE;TRUE;FALSE;FALSE;FALSE
230;FALSE;92490;99944;1;TRUE;2.35;1;0;160;1896;84;FALSE;FALSE;TRUE;FALSE;FALSE;TRUE
231;FALSE;74;85;180;FALSE;0;0.95;0;11;152;0;FALSE;FALSE;FALSE;FALSE;FALSE;FALSE
232;FALSE;551;445;3957;TRUE;0.2;0.9;0.25;0;1344;8;FALSE;FALSE;FALSE;FALSE;FALSE;FALSE
233;FALSE;5968;457;679;TRUE;0.6;0.9;0.1;14;4443;1;FALSE;FALSE;TRUE;FALSE;FALSE;TRUE
234;FALSE;43490;592;249;TRUE;0.9;0.7;0.7;49;6586;85;TRUE;FALSE;TRUE;FALSE;FALSE;FALSE
235;FALSE;152;111;2118;TRUE;0.05;0.32;0.63;20;4772;2;FALSE;FALSE;FALSE;FALSE;FALSE;FALSE
236;TRUE;49;348;1538;FALSE;0.15;0.55;0.35;49;258;1;FALSE;FALSE;FALSE;FALSE;FALSE;FALSE
237;FALSE;130;68;341;FALSE;0;0.55;0.05;89;267;0;FALSE;FALSE;FALSE;FALSE;FALSE;FALSE
238;FALSE;130;112;1353;TRUE;0.35;1.05;0;12;1502;0;FALSE;FALSE;FALSE;FALSE;FALSE;FALSE
239;FALSE;0;56;0;TRUE;0;0.5;1;0;2;0;FALSE;FALSE;TRUE;TRUE;FALSE;TRUE
240;FALSE;1375;300;3237;TRUE;0;0.45;0;26;3349;6;FALSE;FALSE;FALSE;FALSE;FALSE;FALSE
241;FALSE;56;74;0;FALSE;0;0;1;138;36;1;FALSE;FALSE;FALSE;FALSE;FALSE;TRUE
242;FALSE;11;51;0;TRUE;0;0;0;0;0;0;FALSE;FALSE;TRUE;TRUE;FALSE;TRUE
243;FALSE;32;381;782;TRUE;2.6;1;0;0;791;0;FALSE;FALSE;TRUE;TRUE;FALSE;TRUE
244;FALSE;16968;306;1;TRUE;1.95;0.75;1.2;160;3440;38;FALSE;FALSE;TRUE;FALSE;FALSE;TRUE
245;FALSE;5637;5355;4473;TRUE;0;0.35;0.15;0;4343;5;FALSE;FALSE;FALSE;FALSE;FALSE;FALSE
246;FALSE;184258;25;1139;TRUE;3.6;1.35;0.15;30;7666;856;FALSE;FALSE;TRUE;FALSE;FALSE;TRUE
247;FALSE;3;45;0;TRUE;0;0;0;0;0;0;FALSE;FALSE;TRUE;TRUE;FALSE;TRUE
248;FALSE;114;64;962;TRUE;0.5;0.7;0;54;1208;1;FALSE;FALSE;TRUE;FALSE;FALSE;FALSE
249;FALSE;989;1299;1823;TRUE;0.5;0.5;0.05;53;4835;0;FALSE;FALSE;FALSE;FALSE;FALSE;FALSE
250;FALSE;16054;1403;0;FALSE;0;0;1;34;9101;22;FALSE;FALSE;FALSE;FALSE;FALSE;TRUE
251;FALSE;12245;6117;0;TRUE;0;0;1;101;270;8;FALSE;FALSE;TRUE;FALSE;FALSE;TRUE
252;FALSE;22381;946;2214;TRUE;0.25;5.3;1.05;148;3485;138;FALSE;FALSE;TRUE;FALSE;FALSE;TRUE
253;FALSE;770;459;2885;TRUE;0.81;0;0;24;1148;1;FALSE;FALSE;FALSE;FALSE;FALSE;FALSE
254;FALSE;0;40;0;TRUE;0;0;0;0;0;0;FALSE;FALSE;TRUE;TRUE;FALSE;TRUE
255;FALSE;106;169;0;TRUE;0;0;1;0;5;0;FALSE;FALSE;TRUE;FALSE;FALSE;TRUE
256;FALSE;4;37;0;TRUE;0;0;1;0;1;0;FALSE;FALSE;TRUE;TRUE;FALSE;TRUE
257;FALSE;275;4878;8;TRUE;0;0.69;0.77;156;13;1;FALSE;FALSE;TRUE;FALSE;FALSE;TRUE
258;FALSE;4;26;0;TRUE;0;0;0;0;0;0;FALSE;FALSE;TRUE;TRUE;FALSE;TRUE
259;FALSE;3;33;0;TRUE;0;1;1;0;1;0;FALSE;FALSE;TRUE;TRUE;FALSE;TRUE
260;FALSE;0;20;0;TRUE;0;0;0;0;0;0;FALSE;FALSE;TRUE;TRUE;FALSE;TRUE
261;FALSE;175;212;1;TRUE;0;0;1;94;7872;0;FALSE;FALSE;FALSE;FALSE;FALSE;TRUE
262;FALSE;788;242;4234;TRUE;0.05;1.15;0.05;23;6208;53;FALSE;FALSE;TRUE;FALSE;FALSE;FALSE
263;FALSE;347;507;396;TRUE;0.45;0.75;0.3;90;1161;21;FALSE;FALSE;TRUE;FALSE;FALSE;FALSE
264;FALSE;43;105;42;TRUE;1.06;1.31;0.56;0;16;3;FALSE;FALSE;TRUE;FALSE;FALSE;FALSE
265;FALSE;586;110;649;FALSE;0.55;0.9;0.4;80;2765;5;FALSE;FALSE;FALSE;FALSE;FALSE;FALSE
266;FALSE;136;123;72;TRUE;0.3;1.15;0.35;45;114;0;FALSE;FALSE;TRUE;FALSE;FALSE;FALSE
267;FALSE;175377;338;36915;TRUE;0;0.55;0.2;88;11007;220;FALSE;FALSE;FALSE;FALSE;FALSE;FALSE
268;FALSE;208;174;887;TRUE;0.05;0.75;0.05;99;318;0;FALSE;FALSE;TRUE;FALSE;FALSE;FALSE
269;FALSE;386;563;2854;TRUE;0;0.75;0.15;15;2887;2;FALSE;FALSE;FALSE;FALSE;FALSE;FALSE
270;FALSE;352;625;2362;TRUE;0.05;1;0.6;83;687;1;FALSE;FALSE;TRUE;FALSE;FALSE;FALSE
271;FALSE;3022;1796;852;TRUE;0;0.9;0.5;36;2918;56;FALSE;FALSE;FALSE;FALSE;FALSE;FALSE
272;FALSE;226;141;666;FALSE;0;1.1;0.05;25;3756;0;FALSE;FALSE;FALSE;FALSE;FALSE;FALSE
273;FALSE;524;707;1268;TRUE;0.1;0.95;0.45;70;2387;11;FALSE;FALSE;FALSE;FALSE;FALSE;FALSE
274;FALSE;437;470;41;TRUE;0.1;0.5;0;0;122;0;FALSE;FALSE;TRUE;FALSE;FALSE;FALSE
275;TRUE;241;80;813;FALSE;0;0;0;0;4;0;FALSE;FALSE;FALSE;FALSE;FALSE;FALSE
276;FALSE;616;536;601;TRUE;0.2;0.35;0.25;171;1346;9;FALSE;FALSE;FALSE;FALSE;FALSE;FALSE
277;FALSE;359;187;902;FALSE;0.3;1.3;0.2;34;3808;0;FALSE;FALSE;FALSE;FALSE;FALSE;FALSE
278;TRUE;27;96;172;TRUE;0;0.25;0;0;16;0;FALSE;FALSE;TRUE;FALSE;FALSE;FALSE
279;FALSE;131;99;1698;TRUE;0.15;1;0.1;36;736;0;FALSE;FALSE;FALSE;FALSE;FALSE;FALSE
280;FALSE;132;149;33;TRUE;0.1;0.7;0.45;0;462;0;FALSE;FALSE;FALSE;FALSE;FALSE;FALSE
281;FALSE;1818;1672;1959;TRUE;0.35;0.6;0;19;3526;0;FALSE;FALSE;FALSE;FALSE;FALSE;FALSE
282;FALSE;433;270;951;TRUE;0.15;0.9;0.25;26;6792;0;FALSE;FALSE;FALSE;FALSE;FALSE;FALSE
283;TRUE;159;133;503;TRUE;0.1;0.8;0.7;29;1093;0;FALSE;FALSE;FALSE;FALSE;FALSE;FALSE
284;FALSE;200;132;690;TRUE;0;0.65;0.15;22;1935;0;FALSE;FALSE;FALSE;FALSE;FALSE;FALSE
285;FALSE;0;31;0;TRUE;0.4;0;1.15;0;25;0;FALSE;FALSE;TRUE;TRUE;FALSE;TRUE
286;FALSE;6462;78;694;TRUE;3.5;0;1.95;99;3850;11;FALSE;FALSE;TRUE;FALSE;FALSE;TRUE
287;FALSE;826;89;197;TRUE;4.9;0.2;0.25;60;963;4;FALSE;FALSE;TRUE;FALSE;FALSE;TRUE
288;FALSE;9;141;0;TRUE;0.65;0.25;1.5;0;494;0;FALSE;FALSE;TRUE;TRUE;FALSE;TRUE
289;FALSE;39;22;234;TRUE;2.75;0.2;0.4;91;794;0;FALSE;FALSE;TRUE;FALSE;FALSE;TRUE
290;FALSE;148139;129179;4432;TRUE;1.05;0.45;1.2;23;5181;83;FALSE;FALSE;FALSE;FALSE;FALSE;TRUE
291;FALSE;2203;0;6;TRUE;0;0;1;22;144;1;FALSE;FALSE;TRUE;FALSE;FALSE;TRUE
292;FALSE;1559;1757;1891;TRUE;0.25;1.25;0.15;49;1890;0;FALSE;FALSE;TRUE;FALSE;FALSE;TRUE
293;FALSE;416;321;696;TRUE;0.45;0.35;0.2;153;2088;8;FALSE;FALSE;FALSE;FALSE;FALSE;FALSE
294;FALSE;264;643;73;FALSE;2.3;0;1.15;152;4228;1;FALSE;FALSE;FALSE;FALSE;FALSE;TRUE
295;FALSE;18;21;20;TRUE;0.85;1.25;0.3;54;84;0;FALSE;FALSE;TRUE;FALSE;FALSE;TRUE
296;FALSE;22;57;46;TRUE;0.4;1.2;0.05;17;88;0;FALSE;FALSE;TRUE;FALSE;FALSE;TRUE
297;FALSE;4702;2607;6539;FALSE;0;0.5;0;113;88028;23;FALSE;FALSE;FALSE;FALSE;FALSE;TRUE
298;FALSE;29;99;115;TRUE;1;1.1;0.05;0;307;0;FALSE;FALSE;TRUE;TRUE;FALSE;TRUE
299;FALSE;9;109;54;TRUE;0.3;0.3;0;13;261;0;FALSE;FALSE;TRUE;FALSE;FALSE;TRUE
300;FALSE;24;76;112;TRUE;1.3;1.05;0.25;0;217;0;FALSE;FALSE;TRUE;TRUE;FALSE;TRUE
301;FALSE;6216;5978;422;TRUE;1.2;0.8;1;0;3614;2;FALSE;FALSE;FALSE;FALSE;FALSE;TRUE
302;FALSE;95;1532;0;FALSE;4.65;0.1;0.6;35;57;0;FALSE;FALSE;FALSE;FALSE;FALSE;TRUE
303;FALSE;17;14;21;TRUE;0.4;1;0.5;0;11;0;FALSE;FALSE;FALSE;FALSE;FALSE;TRUE
304;FALSE;25605;3;0;TRUE;0;0.5;0.5;45;2;70;FALSE;FALSE;TRUE;TRUE;FALSE;TRUE
305;FALSE;25605;3;0;TRUE;0;0.5;0.5;45;2;70;FALSE;FALSE;TRUE;TRUE;FALSE;TRUE
306;FALSE;25605;3;0;TRUE;0;0.5;0.5;45;2;70;FALSE;FALSE;TRUE;TRUE;FALSE;TRUE
307;FALSE;25605;3;0;TRUE;0;0.5;0.5;45;2;70;FALSE;FALSE;TRUE;TRUE;FALSE;TRUE
308;FALSE;25605;3;0;TRUE;0;0.5;0.5;45;2;70;FALSE;FALSE;TRUE;TRUE;FALSE;TRUE
309;FALSE;3;0;0;FALSE;3.7;0;2;21;1615;0;FALSE;FALSE;FALSE;FALSE;FALSE;TRUE
310;FALSE;78;145;0;TRUE;0.71;0;0.43;0;7;0;FALSE;FALSE;TRUE;FALSE;FALSE;TRUE
311;FALSE;85;25;0;TRUE;2.8;0;1;54;21285;0;FALSE;FALSE;TRUE;FALSE;FALSE;TRUE
312;FALSE;137;222;613;TRUE;0.9;0.35;0.2;52;1237;0;FALSE;FALSE;TRUE;FALSE;FALSE;TRUE
313;FALSE;199;768;4;TRUE;0;0;1;94;712;2;FALSE;FALSE;TRUE;FALSE;FALSE;TRUE
314;FALSE;12106;0;2099;TRUE;0;1.1;0;29;7858;54;FALSE;FALSE;TRUE;FALSE;FALSE;TRUE
315;FALSE;73;0;0;TRUE;5.2;0.25;0.15;0;61;1;FALSE;FALSE;TRUE;FALSE;FALSE;TRUE
316;FALSE;11;37;46;FALSE;0.15;1.1;0.15;0;171;0;FALSE;FALSE;FALSE;FALSE;FALSE;TRUE
317;FALSE;0;1;0;TRUE;1;0.3;1.5;0;48;0;FALSE;FALSE;TRUE;TRUE;FALSE;TRUE
318;FALSE;15478;15711;3818;TRUE;2.8;0;1;41;20545;11;FALSE;FALSE;FALSE;FALSE;FALSE;TRUE
319;FALSE;3;117;0;FALSE;0.05;0;0.9;53;276;0;FALSE;FALSE;FALSE;FALSE;FALSE;TRUE
320;FALSE;196;71;2;FALSE;7.1;0;1;0;394;0;FALSE;FALSE;FALSE;FALSE;FALSE;TRUE
321;FALSE;561;2083;4;TRUE;2;0.15;1.3;0;114;0;FALSE;FALSE;TRUE;FALSE;FALSE;TRUE
322;FALSE;158;325;600;TRUE;0;1.15;1.55;26;1398;1;FALSE;FALSE;FALSE;FALSE;FALSE;TRUE
323;FALSE;0;11;0;TRUE;0;0.67;0;0;3;0;FALSE;FALSE;TRUE;TRUE;FALSE;TRUE
324;FALSE;29065;28681;15559;TRUE;2.8;0;1;19;39634;23;FALSE;FALSE;TRUE;FALSE;FALSE;TRUE
325;FALSE;107;90;288;FALSE;0.75;0.55;0.15;156;140;1;FALSE;FALSE;FALSE;FALSE;FALSE;FALSE
326;FALSE;187;2;883;TRUE;4.65;0.6;1.05;48;54;0;FALSE;FALSE;FALSE;FALSE;FALSE;TRUE
327;FALSE;1315;2;111;TRUE;0;0;1;54;25777;16;FALSE;FALSE;FALSE;FALSE;FALSE;TRUE
328;FALSE;1145;1136;309;TRUE;1.35;0.9;1;0;1230;2;FALSE;FALSE;TRUE;FALSE;FALSE;TRUE
329;FALSE;122;8;1;TRUE;0;0.9;1;126;1379;0;FALSE;FALSE;TRUE;FALSE;FALSE;TRUE
330;FALSE;1933;2269;2;TRUE;0.95;0;1;38;1674;3;FALSE;FALSE;TRUE;FALSE;FALSE;TRUE
331;FALSE;2044;1461;2865;FALSE;0.1;0.15;0.15;82;2148;0;FALSE;FALSE;FALSE;FALSE;FALSE;FALSE
332;FALSE;121;143;180;TRUE;0.55;0.3;0.2;126;139;0;FALSE;FALSE;TRUE;FALSE;FALSE;FALSE
333;FALSE;92;32;808;TRUE;0.4;0.1;0.2;7;869;0;FALSE;FALSE;TRUE;FALSE;FALSE;FALSE
334;FALSE;2;21;0;TRUE;0;0;1;0;1286;0;FALSE;FALSE;TRUE;FALSE;FALSE;TRUE
335;FALSE;16826;17541;7856;TRUE;2.8;0;1;81;22527;10;FALSE;FALSE;TRUE;FALSE;FALSE;TRUE
336;FALSE;176;77;0;TRUE;0.35;0;1;120;11612;26;FALSE;FALSE;TRUE;FALSE;FALSE;TRUE
337;FALSE;551;2148;71;TRUE;0;0.8;0.95;0;846;0;FALSE;FALSE;TRUE;FALSE;FALSE;TRUE
338;FALSE;1002;2102;1430;FALSE;0.4;0.9;0.2;21;7404;13;FALSE;FALSE;FALSE;FALSE;FALSE;FALSE
339;FALSE;2960;21;3565;TRUE;4.05;0;0.1;61;7747;78;FALSE;FALSE;FALSE;FALSE;FALSE;TRUE
340;FALSE;60106;30017;18345;TRUE;1;0.9;0.45;78;17400;41;FALSE;FALSE;FALSE;FALSE;FALSE;FALSE
341;FALSE;2589;702;11367;FALSE;0.35;1.15;0.25;151;14595;96;FALSE;FALSE;FALSE;FALSE;FALSE;FALSE
342;FALSE;14;19;2;FALSE;1.45;0.05;1;29;260;0;FALSE;FALSE;FALSE;FALSE;FALSE;TRUE
343;FALSE;3031;419;422;FALSE;2.4;0;0;116;13922;3;FALSE;FALSE;FALSE;FALSE;FALSE;TRUE
344;FALSE;405;17;115;FALSE;1.26;1.21;0.26;0;209;0;FALSE;FALSE;FALSE;FALSE;FALSE;TRUE
345;FALSE;54;216;118;TRUE;1.15;1.15;0.35;0;82;0;FALSE;FALSE;TRUE;TRUE;FALSE;FALSE
346;FALSE;151;134;196;FALSE;0;0.25;0;132;117;0;FALSE;FALSE;FALSE;FALSE;FALSE;FALSE
347;FALSE;369;239;1838;TRUE;0.1;0.25;0;61;951;1;FALSE;FALSE;TRUE;FALSE;FALSE;FALSE
348;FALSE;224;146;1452;TRUE;0.1;0.45;0.05;63;1056;0;FALSE;FALSE;TRUE;FALSE;FALSE;FALSE
349;FALSE;240803;12232;20508;TRUE;0.45;1.05;0;116;6315;68;FALSE;FALSE;FALSE;FALSE;FALSE;FALSE
350;FALSE;1349;179;3372;TRUE;0.1;0.55;0.15;30;750;0;FALSE;FALSE;FALSE;FALSE;FALSE;FALSE
351;FALSE;987;483;9373;TRUE;0.05;1.05;0.5;80;8952;0;FALSE;FALSE;TRUE;FALSE;FALSE;FALSE
352;FALSE;148;218;22;TRUE;0.15;0.3;0.8;0;427;1;FALSE;FALSE;FALSE;FALSE;FALSE;TRUE
353;FALSE;216;475;1812;TRUE;0;0.6;0.4;109;1819;0;FALSE;FALSE;TRUE;FALSE;FALSE;FALSE
354;FALSE;25;70;1;TRUE;0.05;0.4;0.1;157;2156;0;FALSE;FALSE;FALSE;FALSE;FALSE;FALSE
355;FALSE;18646;11306;18261;TRUE;0.55;1;0.4;145;55123;26;FALSE;FALSE;FALSE;FALSE;FALSE;FALSE
356;FALSE;4752;115;118;TRUE;3.25;0;0.5;70;2203;31;TRUE;FALSE;FALSE;FALSE;FALSE;FALSE
357;FALSE;1;120;0;FALSE;5.67;0.06;0.89;23;50;0;FALSE;FALSE;FALSE;FALSE;FALSE;TRUE
358;FALSE;149;114;247;TRUE;0.21;0.68;0.26;24;119;1;FALSE;FALSE;FALSE;FALSE;FALSE;FALSE
359;FALSE;3027;2929;7997;TRUE;0.2;0.75;0.1;0;3485;1;FALSE;FALSE;TRUE;FALSE;FALSE;FALSE
360;FALSE;88;316;435;TRUE;0;0.95;0;0;2433;0;FALSE;FALSE;TRUE;FALSE;FALSE;FALSE
361;FALSE;70768;975;956;TRUE;0;0.35;0.7;38;9490;297;FALSE;FALSE;TRUE;FALSE;FALSE;FALSE
362;FALSE;3889;3425;1504;FALSE;0.05;0.1;0;137;3715;1;FALSE;FALSE;FALSE;FALSE;FALSE;FALSE
363;FALSE;408;373;5669;TRUE;0.25;0.55;0.15;135;4528;8;FALSE;FALSE;FALSE;FALSE;FALSE;FALSE
364;FALSE;786;1975;2179;TRUE;0.6;0.45;0;0;2931;0;FALSE;FALSE;TRUE;FALSE;FALSE;FALSE
365;FALSE;6261;5802;18162;FALSE;0.05;0.45;0;30;1344;1;FALSE;FALSE;FALSE;FALSE;FALSE;FALSE
366;FALSE;123677;99442;7128;TRUE;0;0.6;0.2;81;15670;132;FALSE;FALSE;FALSE;FALSE;FALSE;FALSE
367;FALSE;11589;9454;33123;FALSE;0.3;1.5;0;13;43831;18;FALSE;FALSE;FALSE;FALSE;FALSE;FALSE
368;FALSE;119;9;6526;FALSE;0.15;0.45;0.35;101;41;1;FALSE;FALSE;FALSE;FALSE;FALSE;FALSE
369;FALSE;6076;4048;5924;TRUE;0.35;1.35;0.5;148;7643;14;FALSE;FALSE;TRUE;FALSE;FALSE;FALSE
370;FALSE;269;174;499;TRUE;0.2;0.55;0.45;17;2877;0;FALSE;FALSE;FALSE;FALSE;FALSE;FALSE
371;FALSE;4742;1411;3742;TRUE;1;0;0.05;44;1070;4;FALSE;FALSE;FALSE;FALSE;FALSE;FALSE
372;FALSE;13916;12849;5330;TRUE;0.1;1.2;0.05;0;48286;8;FALSE;FALSE;FALSE;FALSE;FALSE;FALSE
373;FALSE;14086;1144;4112;FALSE;0.7;1.1;0.15;34;4944;11;FALSE;FALSE;FALSE;FALSE;FALSE;FALSE
374;FALSE;173;443;33;TRUE;0.9;0.6;0.05;0;178;0;FALSE;FALSE;TRUE;FALSE;FALSE;TRUE
375;FALSE;5957;0;2466;FALSE;2.7;0.5;1;32;986;3;FALSE;FALSE;FALSE;FALSE;FALSE;TRUE
376;FALSE;2782;4954;13303;FALSE;0.26;0.63;0.32;136;17136;3;FALSE;FALSE;FALSE;FALSE;FALSE;FALSE
377;FALSE;1035;226;1872;TRUE;0.05;0.35;0.25;67;1405;1;FALSE;FALSE;TRUE;FALSE;FALSE;FALSE
378;FALSE;549;825;0;TRUE;1.05;0;0;0;19;0;FALSE;FALSE;TRUE;FALSE;FALSE;FALSE
379;FALSE;7054;223;14657;FALSE;0.1;0.7;0.15;21;14022;21;FALSE;FALSE;FALSE;FALSE;FALSE;FALSE
380;FALSE;35772;28040;6266;TRUE;0.25;1.6;0.25;25;884;28;FALSE;FALSE;TRUE;FALSE;FALSE;FALSE
381;FALSE;143;300;2208;TRUE;0.05;0.5;0.15;16;1703;0;FALSE;FALSE;TRUE;FALSE;FALSE;FALSE
382;FALSE;120;587;1650;TRUE;0.45;1.35;0.6;51;486;3;FALSE;FALSE;FALSE;FALSE;FALSE;TRUE
383;FALSE;14901;15534;26846;TRUE;0.89;0.47;0.11;65;55984;24;FALSE;FALSE;TRUE;FALSE;FALSE;FALSE
384;FALSE;32955;10083;32537;TRUE;0.3;1.35;0;128;48815;24;FALSE;FALSE;TRUE;FALSE;FALSE;FALSE
385;FALSE;17213;194;45243;FALSE;0.05;0.95;0.05;24;42959;22;FALSE;FALSE;FALSE;FALSE;FALSE;FALSE
386;FALSE;153;120;1177;TRUE;0.2;0.8;0;14;480;0;FALSE;FALSE;TRUE;FALSE;FALSE;FALSE
387;FALSE;134;2;51;TRUE;3.1;0.35;0.05;0;209;1;FALSE;FALSE;TRUE;FALSE;FALSE;TRUE
388;FALSE;117;67;202;TRUE;0.17;0.5;0.06;23;2027;0;FALSE;FALSE;FALSE;FALSE;FALSE;FALSE
389;FALSE;135;218;1693;TRUE;0;1;0;7;2;0;FALSE;FALSE;TRUE;FALSE;FALSE;FALSE
390;FALSE;57;36;1577;TRUE;0.05;0.15;0.1;71;142;0;FALSE;FALSE;TRUE;FALSE;FALSE;FALSE
391;FALSE;3900;1491;1882;FALSE;1.57;0.64;0.71;136;4527;2;FALSE;FALSE;FALSE;FALSE;FALSE;FALSE
392;FALSE;2509;1880;106628;TRUE;0.1;1.25;0.35;76;28805;3;FALSE;FALSE;TRUE;FALSE;FALSE;FALSE
393;FALSE;97514;11469;5373;TRUE;0.25;1.1;0.5;98;20689;148;FALSE;FALSE;FALSE;FALSE;FALSE;FALSE
394;FALSE;5151;172;1741;TRUE;0.21;0.63;0;22;10274;1;FALSE;FALSE;FALSE;FALSE;FALSE;FALSE
395;FALSE;1229;865;17700;TRUE;0.1;0.9;0.25;29;4546;1;FALSE;FALSE;FALSE;FALSE;FALSE;FALSE
396;FALSE;613;155;60696;TRUE;0;0.1;0.15;56;1733;1;FALSE;FALSE;TRUE;FALSE;FALSE;FALSE
397;FALSE;709;231;503;TRUE;0.3;0.7;0.05;26;192;0;FALSE;FALSE;FALSE;FALSE;FALSE;FALSE
398;FALSE;588;253;610;TRUE;0.9;0.25;0.2;160;1925;6;FALSE;FALSE;FALSE;FALSE;FALSE;FALSE
399;FALSE;552;960;5717;TRUE;0.05;0.65;0.15;49;10275;6;FALSE;FALSE;TRUE;FALSE;FALSE;FALSE
400;FALSE;1027;1974;806;TRUE;0.9;1.1;0.45;158;477;7;FALSE;FALSE;TRUE;FALSE;FALSE;FALSE
401;FALSE;50;62;115;TRUE;0;0.75;0;0;86;0;FALSE;FALSE;FALSE;FALSE;FALSE;FALSE
402;FALSE;175;306;252;TRUE;0.4;0.3;0.5;43;214;1;FALSE;FALSE;TRUE;FALSE;FALSE;FALSE
403;FALSE;11250;285;2922;TRUE;0.45;1.7;0;124;24806;14;FALSE;FALSE;FALSE;FALSE;FALSE;FALSE
404;FALSE;1347;298;3259;TRUE;0.05;0.2;0.05;124;3112;8;FALSE;FALSE;FALSE;FALSE;FALSE;FALSE
405;FALSE;1873;800;18780;TRUE;0;0.25;0;86;1445;5;FALSE;FALSE;TRUE;FALSE;FALSE;FALSE
406;FALSE;23972;20787;9312;TRUE;0.1;1.15;0.25;99;52896;22;FALSE;FALSE;FALSE;FALSE;FALSE;FALSE
407;FALSE;892;666;4111;FALSE;0.25;3;0.3;151;3359;5;FALSE;FALSE;FALSE;FALSE;FALSE;FALSE
408;FALSE;460;406;572;TRUE;0.05;0.55;0;44;1067;0;FALSE;FALSE;TRUE;FALSE;FALSE;FALSE
409;FALSE;256;161;5949;TRUE;0.1;0.7;0;24;1071;0;FALSE;FALSE;FALSE;FALSE;FALSE;FALSE
410;FALSE;250;460;123;TRUE;0.65;0.95;0.35;11;324;1;FALSE;FALSE;TRUE;FALSE;FALSE;FALSE
411;FALSE;1126;1051;266;FALSE;0.35;0.15;0.05;0;178;0;FALSE;FALSE;FALSE;FALSE;FALSE;FALSE
412;FALSE;3447;112;214;TRUE;0.45;0.1;0;160;6050;8;FALSE;FALSE;TRUE;FALSE;FALSE;FALSE
413;FALSE;3473;881;189306;TRUE;0.75;0.05;0.25;106;13947;23;FALSE;FALSE;TRUE;FALSE;FALSE;FALSE
414;FALSE;130;119;205;FALSE;0.24;1;0;31;169;0;FALSE;FALSE;FALSE;FALSE;FALSE;FALSE
415;FALSE;180;218;117;TRUE;0.7;0.9;0.55;159;309;2;FALSE;FALSE;TRUE;FALSE;FALSE;FALSE
416;FALSE;10528;6935;70935;TRUE;0.4;3.25;0;33;72840;18;FALSE;FALSE;TRUE;FALSE;FALSE;FALSE
417;FALSE;566168;412490;33276;TRUE;0.25;0.35;0.1;111;28654;493;FALSE;FALSE;FALSE;FALSE;FALSE;FALSE
418;FALSE;236;254;2171;TRUE;0.05;1.45;0.1;117;3526;0;FALSE;FALSE;FALSE;FALSE;FALSE;FALSE
419;FALSE;68;114;53;TRUE;0;0;0;116;221;0;FALSE;FALSE;TRUE;FALSE;FALSE;FALSE
420;FALSE;176;423;948;TRUE;0.6;0.75;0.15;0;723;0;FALSE;FALSE;TRUE;FALSE;FALSE;FALSE
421;FALSE;72;173;806;TRUE;0.35;0.8;0.15;66;708;0;FALSE;FALSE;TRUE;FALSE;FALSE;FALSE
422;FALSE;1099;989;985;TRUE;0.8;0.95;0.25;142;1008;22;FALSE;FALSE;FALSE;FALSE;FALSE;FALSE
423;FALSE;355;220;9362;FALSE;0.15;0.25;0.05;0;3501;0;FALSE;FALSE;FALSE;FALSE;FALSE;FALSE
424;FALSE;278670;485;19790;TRUE;0.1;0.5;0;160;5411;327;FALSE;FALSE;TRUE;FALSE;FALSE;FALSE
425;FALSE;170;325;1162;TRUE;0;0.95;0.1;74;3533;1;FALSE;FALSE;FALSE;FALSE;FALSE;FALSE
426;FALSE;692;584;8273;TRUE;0.05;0.7;0;39;2054;0;FALSE;FALSE;FALSE;FALSE;FALSE;FALSE
427;FALSE;97390;640;15555;TRUE;0.15;0.65;0.25;36;6717;190;FALSE;FALSE;FALSE;FALSE;FALSE;FALSE
428;FALSE;68000;50863;39984;TRUE;0.6;1.55;0.15;78;54057;56;FALSE;FALSE;TRUE;FALSE;FALSE;FALSE
429;FALSE;103;2;71;TRUE;0.68;1.05;0.11;0;75;0;FALSE;FALSE;TRUE;FALSE;FALSE;FALSE
430;FALSE;472;1306;130;TRUE;0;1;0.85;35;106;0;FALSE;FALSE;TRUE;FALSE;FALSE;TRUE
431;FALSE;1403;2133;4003;TRUE;0.2;1.05;0.25;45;539;2;FALSE;FALSE;TRUE;FALSE;FALSE;FALSE
432;FALSE;4;42;0;TRUE;1;0;0;10;5;0;FALSE;FALSE;TRUE;FALSE;FALSE;TRUE
433;FALSE;21;57;5;TRUE;1;0;0;0;2;0;FALSE;FALSE;TRUE;FALSE;FALSE;TRUE
434;FALSE;50;13;2;TRUE;1.86;0;0;0;7;1;FALSE;FALSE;TRUE;FALSE;FALSE;TRUE
435;FALSE;5;36;0;TRUE;0;0;0;0;1;0;FALSE;FALSE;TRUE;TRUE;FALSE;TRUE
436;FALSE;627;888;5;TRUE;0.8;0;1;112;85238;196;FALSE;FALSE;TRUE;FALSE;FALSE;TRUE
437;FALSE;133;272;30;TRUE;1.1;0.45;0;124;232;1;FALSE;FALSE;TRUE;FALSE;FALSE;TRUE
438;FALSE;347;110;2;FALSE;7.2;0.05;1;4;8623;9;FALSE;FALSE;FALSE;FALSE;FALSE;TRUE
439;FALSE;11573;543;8;TRUE;0;0;1;63;83022;40;FALSE;FALSE;TRUE;FALSE;FALSE;TRUE
440;FALSE;0;1;3;FALSE;0.19;0.13;0.69;14;16;0;FALSE;FALSE;FALSE;FALSE;FALSE;TRUE
441;FALSE;5420;5116;39;TRUE;0;0;0;77;1778;2;FALSE;FALSE;FALSE;FALSE;FALSE;FALSE
442;FALSE;243;150;28;TRUE;0.05;0.3;0;72;11380;6;FALSE;FALSE;FALSE;FALSE;FALSE;FALSE
443;FALSE;1428;1616;29;FALSE;1.25;0.15;0.9;154;500;1;FALSE;FALSE;FALSE;FALSE;FALSE;TRUE
444;FALSE;6318;37;38;FALSE;1.65;0.5;1.45;23;24967;13;FALSE;FALSE;FALSE;FALSE;FALSE;TRUE
445;FALSE;50;27;3;FALSE;2;0;1;0;1249;0;FALSE;FALSE;FALSE;TRUE;FALSE;TRUE
446;FALSE;1;5;0;TRUE;3;0;1;0;7683;0;FALSE;FALSE;TRUE;FALSE;FALSE;TRUE
447;FALSE;28;19;21;TRUE;0.05;0.05;0.05;55;175;0;FALSE;FALSE;TRUE;FALSE;FALSE;FALSE
448;FALSE;1512;1524;0;TRUE;1.7;0;0.05;0;16355;5;FALSE;FALSE;TRUE;FALSE;FALSE;TRUE
449;FALSE;8;186;12;TRUE;1.1;0.3;0.65;153;59;0;FALSE;FALSE;TRUE;FALSE;FALSE;TRUE
450;FALSE;5;0;1;TRUE;1.9;0;1;77;3275;2;FALSE;FALSE;TRUE;FALSE;FALSE;TRUE
451;FALSE;2;30;0;TRUE;1;0;1;0;105;0;FALSE;FALSE;TRUE;FALSE;FALSE;TRUE
452;FALSE;617;1157;212;FALSE;0.25;0.7;0;38;84;0;FALSE;FALSE;FALSE;FALSE;FALSE;TRUE
453;FALSE;20662;18340;2752;TRUE;0.2;0.35;0.25;15;286;8;FALSE;FALSE;TRUE;FALSE;FALSE;TRUE
454;FALSE;7;13;1;TRUE;0.17;0.39;0.06;85;18;0;FALSE;FALSE;TRUE;FALSE;FALSE;FALSE
455;FALSE;9;12;802;TRUE;0.4;0.6;0.35;0;214;0;FALSE;FALSE;TRUE;TRUE;FALSE;TRUE
456;FALSE;1108;929;0;TRUE;0.05;0;1;0;30899;1;FALSE;FALSE;TRUE;FALSE;FALSE;TRUE
457;FALSE;4338;4345;1;FALSE;0;0;1;136;1796;2;FALSE;FALSE;FALSE;FALSE;FALSE;TRUE
458;FALSE;12;187;14;TRUE;0.1;1;0.1;32;2181;0;FALSE;FALSE;TRUE;FALSE;FALSE;TRUE
459;FALSE;85;1;43;FALSE;1.8;0.9;0.65;75;36;0;FALSE;FALSE;FALSE;FALSE;FALSE;TRUE
460;FALSE;46;36;10;FALSE;0.55;0.65;0.95;97;512;0;FALSE;FALSE;FALSE;FALSE;FALSE;TRUE
461;FALSE;77;23;29;TRUE;0.15;0;0;0;288;0;FALSE;FALSE;TRUE;FALSE;FALSE;FALSE
462;FALSE;13;2;184;FALSE;0.25;0.05;0.2;0;1523;0;FALSE;FALSE;FALSE;FALSE;FALSE;FALSE
463;FALSE;26;15;0;TRUE;4.6;0;1;49;6461;0;FALSE;FALSE;TRUE;FALSE;FALSE;TRUE
464;FALSE;0;0;0;FALSE;2.7;0.4;0.6;0;27;0;FALSE;FALSE;FALSE;FALSE;FALSE;TRUE
465;FALSE;854;495;0;TRUE;0;0.2;0.65;98;2455;4;FALSE;FALSE;TRUE;FALSE;FALSE;FALSE
466;FALSE;1437;16;0;FALSE;0.1;0;1;141;11915;3;FALSE;FALSE;FALSE;FALSE;FALSE;TRUE
467;FALSE;2;20;0;TRUE;0;0;1;0;84;0;FALSE;FALSE;TRUE;FALSE;FALSE;TRUE
468;FALSE;23576;21;11;TRUE;0.2;0;1;153;8419;29;FALSE;FALSE;FALSE;FALSE;FALSE;TRUE
469;FALSE;178662;24931;0;TRUE;0;0.25;1;72;9297;330;TRUE;FALSE;FALSE;FALSE;FALSE;TRUE
470;FALSE;361;0;6;TRUE;3.95;0.1;0.6;120;206;2;FALSE;FALSE;FALSE;FALSE;FALSE;TRUE
471;FALSE;155951;0;4;TRUE;0.4;0;1;72;14795;613;FALSE;FALSE;FALSE;FALSE;FALSE;TRUE
472;FALSE;20472;39;834;FALSE;0.15;0.5;0.6;71;20089;62;TRUE;FALSE;FALSE;FALSE;FALSE;FALSE
473;FALSE;11725;3;12;FALSE;0.1;0.05;1.05;121;3034;29;FALSE;FALSE;FALSE;FALSE;FALSE;TRUE
474;FALSE;112;318;2;TRUE;0.1;0.05;0.05;160;1405;0;FALSE;FALSE;TRUE;FALSE;FALSE;FALSE
475;FALSE;2080;2642;4;FALSE;0;0;1;22;2318;0;FALSE;FALSE;FALSE;FALSE;FALSE;TRUE
476;FALSE;3750;6257;99;TRUE;0.9;0.1;1.2;23;54016;58;FALSE;FALSE;FALSE;FALSE;FALSE;TRUE
477;FALSE;56;411;1;FALSE;7.93;0;0.73;14;15;0;FALSE;FALSE;FALSE;FALSE;FALSE;TRUE
478;FALSE;5;9;4;TRUE;1.2;0.15;1.15;0;178;0;FALSE;FALSE;TRUE;FALSE;FALSE;TRUE
479;FALSE;144;265;7;TRUE;0.05;0;0.55;11;254;0;FALSE;FALSE;TRUE;FALSE;FALSE;FALSE
480;FALSE;5014;5674;0;TRUE;0.25;0;1;0;91800;2;FALSE;FALSE;FALSE;FALSE;FALSE;TRUE
481;FALSE;48;24;51;TRUE;0.24;1.88;0.35;40;17;0;FALSE;FALSE;TRUE;FALSE;FALSE;TRUE
482;FALSE;373;2138;16;FALSE;2;0;0.55;0;331;0;FALSE;FALSE;FALSE;FALSE;FALSE;TRUE
483;FALSE;170;204;9;TRUE;1.35;0.25;0.2;111;370;0;FALSE;FALSE;TRUE;FALSE;FALSE;TRUE
484;FALSE;2092;1542;0;TRUE;0.25;0;1;0;150246;1;FALSE;FALSE;FALSE;FALSE;FALSE;TRUE
485;FALSE;464;659;2;TRUE;0.05;4.6;0.4;77;52;0;FALSE;FALSE;TRUE;FALSE;FALSE;TRUE
486;FALSE;66;441;30;TRUE;0.2;1.55;0.95;59;568;0;FALSE;FALSE;TRUE;FALSE;FALSE;TRUE
487;FALSE;118;386;4;TRUE;0.5;0;1;4;2514;0;FALSE;FALSE;TRUE;FALSE;FALSE;TRUE
488;FALSE;475;1930;28;TRUE;0;0;1;0;1964;0;FALSE;FALSE;FALSE;FALSE;FALSE;TRUE
489;FALSE;285;190;23;FALSE;3.1;0.4;1;0;3820;1;FALSE;FALSE;FALSE;FALSE;FALSE;TRUE
490;FALSE;14;13;39;TRUE;1.25;0.65;0;37;260;0;FALSE;FALSE;TRUE;FALSE;FALSE;TRUE
491;FALSE;3;0;1;TRUE;1.83;0;0.17;0;6;0;FALSE;FALSE;TRUE;FALSE;FALSE;TRUE
492;FALSE;882;59;0;TRUE;1;0;1;0;491;0;FALSE;FALSE;TRUE;FALSE;FALSE;TRUE
493;FALSE;459;873;0;FALSE;1;0;1;18;700;1;FALSE;FALSE;FALSE;FALSE;FALSE;TRUE
494;FALSE;18545;20198;272;TRUE;0.35;0.1;0.75;129;108;12;FALSE;FALSE;TRUE;FALSE;FALSE;TRUE
495;FALSE;28;255;0;FALSE;0.78;0;1;0;8532;0;FALSE;FALSE;FALSE;FALSE;FALSE;TRUE
496;FALSE;5629;4;2185;TRUE;4.1;0;0.05;72;9461;13;FALSE;FALSE;FALSE;FALSE;FALSE;TRUE
497;FALSE;7253;0;0;TRUE;1.1;0;0.95;56;379;0;FALSE;FALSE;TRUE;FALSE;FALSE;TRUE
498;FALSE;1;21;0;TRUE;4;0;1;85;1131;0;FALSE;FALSE;TRUE;FALSE;FALSE;TRUE
499;FALSE;1;7;0;TRUE;0.35;0;1.06;0;17;0;FALSE;FALSE;TRUE;FALSE;FALSE;TRUE
500;FALSE;14;100;4;TRUE;0.55;0;1;0;275;1;FALSE;FALSE;TRUE;FALSE;FALSE;TRUE
501;FALSE;6726;1724;100;TRUE;1.7;0;0.9;20;5607;5;FALSE;FALSE;TRUE;FALSE;FALSE;TRUE
502;FALSE;2;1;0;TRUE;3.67;0;0.89;16;13;0;FALSE;FALSE;TRUE;FALSE;FALSE;TRUE
503;FALSE;2539;0;2;TRUE;0;0.2;0;0;163;5;FALSE;FALSE;TRUE;FALSE;FALSE;TRUE
504;FALSE;509;895;0;FALSE;1;0;0.95;29;772;1;FALSE;FALSE;FALSE;FALSE;FALSE;TRUE
505;FALSE;6;32;1047;TRUE;7;0;1;36;14355;5;FALSE;FALSE;TRUE;FALSE;FALSE;TRUE
506;FALSE;10920;14247;0;FALSE;0;0;1;71;28180;3;FALSE;FALSE;FALSE;FALSE;FALSE;TRUE
507;FALSE;60;0;70;TRUE;0.05;0.35;0.65;62;74;0;FALSE;FALSE;TRUE;FALSE;FALSE;TRUE
508;FALSE;2386555;26;4;TRUE;0.15;0.35;0.7;37;217265;2633;TRUE;FALSE;FALSE;FALSE;FALSE;TRUE
509;FALSE;395;0;0;TRUE;2;0;0;59;35576;4;FALSE;FALSE;TRUE;FALSE;FALSE;TRUE
510;FALSE;14;31;81;TRUE;0.1;0.75;0.05;0;222;0;FALSE;FALSE;TRUE;FALSE;FALSE;FALSE
511;FALSE;10041;7;4;TRUE;1.6;0.1;1;112;26006;77;FALSE;FALSE;TRUE;FALSE;FALSE;TRUE
512;FALSE;89;46;21;TRUE;0.05;0.3;0.2;23;228;0;FALSE;FALSE;TRUE;FALSE;FALSE;TRUE
513;FALSE;55567;49076;3;TRUE;0.55;0.1;0.75;109;12441;54;FALSE;FALSE;TRUE;FALSE;FALSE;TRUE
514;FALSE;3965;2772;1;TRUE;0;0;1;12;1326;1;FALSE;FALSE;TRUE;FALSE;FALSE;TRUE
515;FALSE;136;853;2;TRUE;0;0;1.05;0;13840;1;FALSE;FALSE;TRUE;FALSE;FALSE;TRUE
516;FALSE;30;98;0;TRUE;1;0;0;0;4;0;FALSE;FALSE;TRUE;FALSE;FALSE;TRUE
517;FALSE;2;12;8;TRUE;0.9;0.1;0;0;557;0;FALSE;FALSE;TRUE;TRUE;FALSE;TRUE
518;FALSE;134;10;992;TRUE;3.45;0;0.2;41;395;1;FALSE;FALSE;TRUE;FALSE;FALSE;TRUE
519;FALSE;20226;17235;191;TRUE;0.26;0.84;0.05;0;6931;6;FALSE;FALSE;FALSE;FALSE;FALSE;FALSE
520;FALSE;2;1;0;TRUE;3.67;0;0.89;16;13;0;FALSE;FALSE;TRUE;FALSE;FALSE;TRUE
521;FALSE;12101;0;9;FALSE;4.75;0;1;18;1790;3;FALSE;FALSE;FALSE;FALSE;FALSE;TRUE
522;FALSE;4725;47;1;TRUE;1.4;1.3;0.7;63;308620;88;FALSE;FALSE;TRUE;FALSE;FALSE;TRUE
523;FALSE;0;0;0;TRUE;1;0;0;0;1;0;FALSE;FALSE;TRUE;TRUE;FALSE;TRUE
524;FALSE;30;0;35;TRUE;2;0;0;84;42;0;FALSE;FALSE;TRUE;FALSE;FALSE;TRUE
525;FALSE;20;56;23;FALSE;0.08;1.69;0.46;37;13;0;FALSE;FALSE;FALSE;FALSE;FALSE;TRUE
526;FALSE;0;0;0;FALSE;0.2;0;1;109;519;0;FALSE;FALSE;FALSE;FALSE;FALSE;TRUE
527;FALSE;681;1567;70;TRUE;0.4;1.15;0.45;0;10832;0;FALSE;FALSE;FALSE;FALSE;FALSE;TRUE
528;FALSE;7221;7819;11;TRUE;0.8;0.15;0.5;150;5340;127;FALSE;FALSE;FALSE;FALSE;FALSE;TRUE
529;FALSE;3005;2635;23;TRUE;8.1;0.05;0.8;77;855;0;FALSE;FALSE;TRUE;FALSE;FALSE;TRUE
530;FALSE;49;64;2;TRUE;0.4;3;0;0;1891;0;FALSE;FALSE;TRUE;FALSE;FALSE;TRUE
531;FALSE;196;269;0;TRUE;4.05;0;1.75;0;16031;19;FALSE;FALSE;FALSE;FALSE;FALSE;TRUE
532;FALSE;2228090;37;0;TRUE;0;0;0.95;148;82803;2002;TRUE;FALSE;FALSE;FALSE;FALSE;FALSE
533;FALSE;49;210;18;TRUE;0.05;0;0.05;0;4089;1;FALSE;FALSE;TRUE;FALSE;FALSE;TRUE
534;FALSE;47;276;14;TRUE;0.35;0.55;0.4;0;1557;0;FALSE;FALSE;TRUE;FALSE;FALSE;TRUE
535;FALSE;7453;3;944;TRUE;0.85;0.3;0.45;115;8977;5;FALSE;FALSE;FALSE;FALSE;FALSE;TRUE
536;FALSE;16354;17450;124;TRUE;0.9;0.4;0.35;121;32;15;FALSE;FALSE;TRUE;FALSE;FALSE;TRUE
537;FALSE;3162;4368;28;FALSE;1.2;0;1.25;0;12785;1;FALSE;FALSE;FALSE;FALSE;FALSE;TRUE
538;FALSE;15;12;638;TRUE;0.55;0.45;0;44;97;0;FALSE;FALSE;TRUE;FALSE;FALSE;FALSE
539;FALSE;1684;1692;37;TRUE;0;0;0;0;18882;3;FALSE;FALSE;TRUE;FALSE;FALSE;TRUE
540;FALSE;2491;8;700;TRUE;2.4;0.7;0.4;115;1509;0;FALSE;FALSE;FALSE;FALSE;FALSE;TRUE
541;FALSE;463;564;0;FALSE;1.5;0;1.4;153;46;0;FALSE;FALSE;FALSE;FALSE;FALSE;TRUE
542;FALSE;1033;154;6;TRUE;0;0;1;45;292259;5;FALSE;FALSE;FALSE;FALSE;FALSE;TRUE
543;FALSE;1178;9;7;TRUE;0.45;0;1.05;45;188;4;FALSE;FALSE;TRUE;FALSE;FALSE;TRUE
544;FALSE;23;0;0;FALSE;0.14;0.43;0.14;50;7;0;FALSE;FALSE;FALSE;FALSE;FALSE;TRUE
545;FALSE;70252;46;5;FALSE;0;0.1;0.95;29;62588;281;TRUE;FALSE;FALSE;FALSE;FALSE;TRUE
546;FALSE;64;13;5681;TRUE;0.45;0.4;0.8;50;5338;6;FALSE;FALSE;TRUE;FALSE;FALSE;TRUE
547;FALSE;0;1;6;TRUE;0;0;2;0;14611;0;FALSE;FALSE;TRUE;FALSE;FALSE;TRUE
548;FALSE;5;124;15;TRUE;0.35;0.5;0.4;0;20;0;FALSE;FALSE;TRUE;FALSE;FALSE;TRUE
549;FALSE;5957;132;2054;TRUE;0;0;1;104;30041;10;FALSE;FALSE;TRUE;FALSE;FALSE;TRUE
550;FALSE;373;308;0;TRUE;0.25;0.05;0;32;5418;0;FALSE;FALSE;FALSE;FALSE;FALSE;FALSE
551;FALSE;4079;7;4219;TRUE;1.15;0.95;0.15;65;6342;11;FALSE;FALSE;TRUE;FALSE;FALSE;FALSE
552;FALSE;20553;7;199;FALSE;0.3;0;0.5;47;4918;75;TRUE;FALSE;FALSE;FALSE;FALSE;TRUE
553;FALSE;3346;2;6;TRUE;3.8;0;0.05;73;5817;5;FALSE;FALSE;TRUE;FALSE;FALSE;TRUE
554;FALSE;59647;29124;4;TRUE;0.1;0;1;81;52085;136;FALSE;FALSE;FALSE;FALSE;FALSE;TRUE
555;FALSE;1249983;26;0;TRUE;0;0.25;0.85;43;383562;1762;TRUE;FALSE;TRUE;FALSE;FALSE;TRUE
556;FALSE;22058;18083;13524;TRUE;0.25;0.1;0;57;557;3;FALSE;FALSE;FALSE;FALSE;FALSE;FALSE
557;FALSE;5930;5817;247;TRUE;1.8;0.55;1;24;24157;7;FALSE;FALSE;FALSE;FALSE;FALSE;TRUE
558;FALSE;236;760;138;TRUE;5.5;0.1;0.6;52;145;0;FALSE;FALSE;TRUE;FALSE;FALSE;TRUE
559;FALSE;1624;62;12;FALSE;0.6;0.1;1;64;1178;1;FALSE;FALSE;FALSE;FALSE;FALSE;TRUE
560;FALSE;150;747;23;TRUE;0;1;1;0;2552;0;FALSE;FALSE;TRUE;FALSE;FALSE;TRUE
561;FALSE;908;905;0;FALSE;0.4;0.25;0.05;70;39;0;FALSE;FALSE;FALSE;FALSE;FALSE;FALSE
562;FALSE;5;0;2;TRUE;4.3;0;1;33;795;0;FALSE;FALSE;TRUE;FALSE;FALSE;TRUE
563;FALSE;769;5001;52;TRUE;0;0.55;0.8;157;287;0;FALSE;FALSE;TRUE;FALSE;FALSE;TRUE
564;FALSE;9;22;17;TRUE;4.9;0.1;0;0;53;0;FALSE;FALSE;TRUE;FALSE;FALSE;TRUE
565;FALSE;347;1;133;TRUE;0.45;0.55;0.3;10;83;2;FALSE;FALSE;TRUE;FALSE;FALSE;TRUE
566;FALSE;6296;6735;109;TRUE;1;0.05;0.55;83;51;4;FALSE;FALSE;TRUE;FALSE;FALSE;TRUE
567;FALSE;1583;1735;16;TRUE;0;0;1;22;20461;1;FALSE;FALSE;FALSE;FALSE;FALSE;TRUE
568;FALSE;0;0;0;FALSE;6.35;0;1.95;48;120;0;FALSE;FALSE;FALSE;FALSE;FALSE;TRUE
569;FALSE;17;69;0;TRUE;0;0;1;0;1927;1;FALSE;FALSE;TRUE;FALSE;FALSE;TRUE
570;FALSE;1413;103;101113;TRUE;0.05;0.45;0.25;108;7980;12;FALSE;FALSE;TRUE;FALSE;FALSE;FALSE
571;FALSE;634;911;8;FALSE;1;0;1;27;667;1;FALSE;FALSE;FALSE;FALSE;FALSE;TRUE
572;FALSE;750;2;452;TRUE;1.75;0;1.05;79;7404;3;FALSE;FALSE;FALSE;FALSE;FALSE;TRUE
573;FALSE;10;0;0;FALSE;2.35;0;1.75;70;2409;0;FALSE;FALSE;FALSE;FALSE;FALSE;TRUE
574;FALSE;29320;0;0;FALSE;0.25;0;1;100;19119;68;FALSE;FALSE;FALSE;FALSE;FALSE;TRUE
575;FALSE;175;0;13;FALSE;0.42;0;1;134;207;0;FALSE;FALSE;FALSE;FALSE;FALSE;TRUE
576;FALSE;8044;46;12;TRUE;0;0.45;0.25;101;3282;28;FALSE;FALSE;TRUE;FALSE;FALSE;FALSE
577;FALSE;42;18;170;TRUE;0.35;0.05;0;35;212;0;FALSE;FALSE;TRUE;FALSE;FALSE;FALSE
578;FALSE;3;3;3;TRUE;1.1;0.1;1.35;0;212;0;FALSE;FALSE;TRUE;FALSE;FALSE;TRUE
579;FALSE;83;158;26;TRUE;1.1;1.05;0.45;156;230;0;FALSE;FALSE;TRUE;FALSE;FALSE;FALSE
580;FALSE;98;35;147;TRUE;0.15;1.55;0.05;66;1039;0;FALSE;FALSE;FALSE;FALSE;FALSE;TRUE
581;FALSE;1724055;26;0;TRUE;0.15;0.2;1;59;168995;1752;TRUE;FALSE;FALSE;FALSE;FALSE;TRUE
582;FALSE;25;14;152;TRUE;1;0.15;0;49;101;0;FALSE;FALSE;TRUE;FALSE;FALSE;TRUE
583;FALSE;37;26;162;TRUE;0;1.1;0.1;37;156;0;FALSE;FALSE;TRUE;FALSE;FALSE;TRUE
584;FALSE;22;212;0;FALSE;0;0;1;54;892;0;FALSE;FALSE;FALSE;FALSE;FALSE;TRUE
585;FALSE;15503;15211;16411;TRUE;0.4;0.55;0.15;78;2153;7;FALSE;FALSE;FALSE;FALSE;FALSE;TRUE
586;FALSE;2720;1670;7;FALSE;0.35;0.3;0.6;64;117;5;FALSE;FALSE;FALSE;FALSE;FALSE;TRUE
587;FALSE;14;19;5;FALSE;5;0;1;40;154;0;FALSE;FALSE;FALSE;FALSE;FALSE;TRUE
588;FALSE;7359;1;0;TRUE;3.55;0;1.15;41;11596;51;FALSE;FALSE;TRUE;FALSE;FALSE;TRUE
589;FALSE;6863;9;18;TRUE;1;0;0;135;26627;89;TRUE;FALSE;FALSE;FALSE;FALSE;TRUE
590;FALSE;26;8;17;TRUE;0.75;0.1;0.1;113;100;0;FALSE;FALSE;TRUE;FALSE;FALSE;FALSE
591;FALSE;4255;4254;8;FALSE;0;0;1;18;148068;15;FALSE;FALSE;FALSE;FALSE;FALSE;TRUE
592;FALSE;729;1907;0;TRUE;1.15;0.75;0.95;24;1308;1;FALSE;FALSE;TRUE;FALSE;FALSE;TRUE
593;FALSE;0;6;0;TRUE;3;0;1;0;4649;0;FALSE;FALSE;TRUE;TRUE;FALSE;TRUE
594;FALSE;2418;20;4;FALSE;0.1;0.05;0;4;859;6;FALSE;FALSE;FALSE;FALSE;FALSE;FALSE
595;FALSE;115;191;13;TRUE;5;0;1;157;1424;0;FALSE;FALSE;FALSE;TRUE;FALSE;TRUE
596;FALSE;7;17;94;TRUE;0.5;0.88;0.13;0;8;0;FALSE;FALSE;TRUE;FALSE;FALSE;TRUE
597;FALSE;858;0;0;TRUE;0.7;0;0;6;85256;90;FALSE;FALSE;TRUE;FALSE;FALSE;TRUE
598;FALSE;10552;23;1509;FALSE;0;1;0.05;6;1547;5;FALSE;FALSE;FALSE;FALSE;FALSE;TRUE
599;FALSE;6;56;19;TRUE;0.5;1.1;0.55;0;23;0;FALSE;FALSE;TRUE;FALSE;FALSE;TRUE
600;FALSE;167;122;2489;TRUE;0.35;0.35;0.25;145;14858;1;FALSE;FALSE;TRUE;FALSE;FALSE;FALSE
601;FALSE;85;162;7;TRUE;0;0;0;0;352;0;FALSE;FALSE;TRUE;FALSE;FALSE;FALSE
602;FALSE;156;309;2;TRUE;2;0;0.35;21;6576;3;FALSE;FALSE;FALSE;FALSE;FALSE;TRUE
603;FALSE;11295;3967;72;TRUE;0.3;0.5;0.45;98;37;9;FALSE;FALSE;TRUE;FALSE;FALSE;TRUE
604;FALSE;0;0;0;TRUE;0.55;0;1;0;2029;0;FALSE;FALSE;TRUE;FALSE;FALSE;TRUE
605;FALSE;3;0;0;FALSE;3.35;0.05;0.85;62;390;0;FALSE;FALSE;FALSE;FALSE;FALSE;TRUE
606;FALSE;1072078;31;1;TRUE;0.5;0.2;1;120;314987;1365;TRUE;FALSE;FALSE;FALSE;FALSE;TRUE
607;FALSE;1667;1756;1;TRUE;7.1;0;0.8;76;42150;55;FALSE;FALSE;TRUE;FALSE;FALSE;TRUE
608;FALSE;4;32;884;TRUE;0;2.65;0.65;0;1035;0;FALSE;FALSE;TRUE;FALSE;FALSE;TRUE
609;FALSE;11510;8412;1;FALSE;0.25;0;1.1;0;39181;35;FALSE;FALSE;FALSE;FALSE;FALSE;TRUE
610;FALSE;0;20;0;TRUE;0.45;0;1;0;6687;0;FALSE;FALSE;TRUE;FALSE;FALSE;TRUE
611;FALSE;4451;4562;6;TRUE;0;0;1;99;585398;70;FALSE;FALSE;FALSE;FALSE;FALSE;TRUE
612;FALSE;9082;4;26;TRUE;0;0;1.6;30;29199;35;FALSE;FALSE;FALSE;FALSE;FALSE;TRUE
613;FALSE;706;22;3;FALSE;4.26;0.05;0.95;160;699;0;FALSE;FALSE;FALSE;FALSE;FALSE;TRUE
614;FALSE;0;15;0;TRUE;1;0;1;0;1;0;FALSE;FALSE;FALSE;FALSE;FALSE;TRUE
615;FALSE;4;22;0;TRUE;3.55;0;1;79;1295;0;FALSE;FALSE;TRUE;FALSE;FALSE;TRUE
616;FALSE;2206;0;6;TRUE;0.1;0;1;14;65;1;FALSE;FALSE;TRUE;FALSE;FALSE;TRUE
617;FALSE;1;21;0;TRUE;3.45;0;1;135;1305;1;FALSE;FALSE;TRUE;FALSE;FALSE;TRUE
618;FALSE;1134;118;5;TRUE;0;0;0.95;49;654;1;FALSE;FALSE;TRUE;FALSE;FALSE;TRUE
619;FALSE;2779;5;0;TRUE;0.5;0.2;0.75;48;566;11;FALSE;FALSE;FALSE;FALSE;FALSE;TRUE
620;FALSE;1;35;0;TRUE;0.43;0.14;0.57;0;7;0;FALSE;FALSE;TRUE;TRUE;FALSE;TRUE
621;FALSE;1000;0;0;FALSE;2;0;1;134;73294;1;FALSE;FALSE;FALSE;FALSE;FALSE;TRUE
622;FALSE;94;8;4;TRUE;1;0;0.15;0;179;3;FALSE;FALSE;TRUE;FALSE;FALSE;TRUE
623;FALSE;4;0;28;FALSE;2.6;0.15;1.05;53;20;0;FALSE;FALSE;FALSE;FALSE;FALSE;TRUE
624;FALSE;1;12;0;TRUE;3;0;1;0;5949;0;FALSE;FALSE;TRUE;FALSE;FALSE;TRUE
625;FALSE;193;33;0;TRUE;0.8;0;1;25;2059;0;FALSE;FALSE;TRUE;FALSE;FALSE;TRUE
626;FALSE;161;115;5;FALSE;1;0;1;0;117968;0;FALSE;FALSE;FALSE;FALSE;FALSE;TRUE
627;FALSE;4;0;0;TRUE;0.85;0;1;8;6049;0;FALSE;FALSE;TRUE;FALSE;FALSE;TRUE
628;FALSE;16158;14434;114;TRUE;0.6;0.6;0.25;119;38;12;FALSE;FALSE;TRUE;FALSE;FALSE;TRUE
629;FALSE;1;42;14047;TRUE;2.6;0.15;0.85;0;4768;11;FALSE;FALSE;TRUE;FALSE;FALSE;TRUE
630;FALSE;1;21;0;TRUE;3.5;0;1;114;1269;0;FALSE;FALSE;TRUE;FALSE;FALSE;TRUE
631;FALSE;466;1;11;FALSE;2.4;0;1;94;256;2;FALSE;FALSE;FALSE;FALSE;FALSE;TRUE
632;FALSE;9;78;0;FALSE;2.4;0;1.9;47;20;0;FALSE;FALSE;FALSE;FALSE;FALSE;TRUE
633;FALSE;24;7;3;TRUE;1;0.05;0.8;47;43;0;FALSE;FALSE;TRUE;FALSE;FALSE;TRUE
634;FALSE;0;0;0;FALSE;1.5;0;1;50;2;0;FALSE;FALSE;FALSE;FALSE;FALSE;TRUE
635;FALSE;87;21;0;TRUE;2;0;2;0;22;0;FALSE;FALSE;TRUE;FALSE;FALSE;TRUE
636;FALSE;1458;1221;18;TRUE;0.75;0;1;0;6638;1;FALSE;FALSE;TRUE;FALSE;FALSE;TRUE
637;FALSE;1;14;0;TRUE;1.5;1.25;0.6;114;265;0;FALSE;FALSE;TRUE;TRUE;FALSE;TRUE
638;FALSE;740;638;2;TRUE;0.25;0;1.05;27;2638;2;FALSE;FALSE;TRUE;FALSE;FALSE;TRUE
639;FALSE;71;26;1;TRUE;4.7;0;0;40;706;0;FALSE;FALSE;TRUE;FALSE;FALSE;TRUE
640;FALSE;75;0;0;TRUE;0.65;0;0;0;378015;1;FALSE;FALSE;TRUE;TRUE;FALSE;TRUE
641;FALSE;3;58;0;TRUE;0.67;0;0.33;19;3;0;FALSE;FALSE;TRUE;TRUE;FALSE;TRUE
642;FALSE;1559;2959;0;TRUE;1.5;0.4;1;58;1232;0;FALSE;FALSE;TRUE;FALSE;FALSE;TRUE
643;FALSE;1;0;0;TRUE;0.42;0;1;0;2921;0;FALSE;FALSE;TRUE;FALSE;FALSE;TRUE
644;FALSE;1260;688;2;TRUE;0.84;0;1;160;377697;82;FALSE;FALSE;TRUE;FALSE;FALSE;TRUE
645;FALSE;989;9;358;TRUE;0.05;0;1.05;39;33406;27;FALSE;FALSE;FALSE;FALSE;FALSE;TRUE
646;FALSE;10030;2;104;FALSE;0.1;0;1;32;506;4;FALSE;FALSE;FALSE;FALSE;FALSE;TRUE
647;FALSE;28;122;3;TRUE;0;1.55;0.65;0;2781;0;FALSE;FALSE;TRUE;FALSE;FALSE;TRUE
648;FALSE;1;20;1;TRUE;4.33;0;1;0;3;0;FALSE;FALSE;TRUE;TRUE;FALSE;TRUE
649;FALSE;19;41;140;TRUE;4.67;0;1;0;3;0;FALSE;FALSE;TRUE;FALSE;FALSE;TRUE
650;FALSE;1422;1;0;TRUE;0;0;1;37;40485;12;FALSE;FALSE;TRUE;FALSE;FALSE;TRUE
651;FALSE;2;13;0;TRUE;1.5;1.25;0.6;77;259;0;FALSE;FALSE;TRUE;TRUE;FALSE;TRUE
652;FALSE;145754;47117;4;TRUE;0;0.1;0.95;0;293525;106;FALSE;FALSE;TRUE;FALSE;FALSE;TRUE
653;FALSE;39;60;13;TRUE;1.5;0;0.05;48;1593;0;FALSE;FALSE;TRUE;FALSE;FALSE;TRUE
654;FALSE;1236;3093;14;TRUE;0.95;0.75;1;31;6420;0;FALSE;FALSE;TRUE;FALSE;FALSE;TRUE
655;FALSE;11204;10284;45;TRUE;0.1;8.85;0.1;33;1103;6;FALSE;FALSE;TRUE;FALSE;FALSE;TRUE
656;FALSE;0;27;6;TRUE;0.25;1.13;0;0;8;0;FALSE;FALSE;TRUE;TRUE;FALSE;TRUE
657;FALSE;1594;2281;5;TRUE;0.65;0;0;156;381;2;FALSE;FALSE;TRUE;FALSE;FALSE;TRUE
658;FALSE;6;1;0;TRUE;0;0;0;0;46932;0;FALSE;FALSE;TRUE;FALSE;FALSE;TRUE
659;FALSE;89;229;2;TRUE;3;0;1.2;34;200;0;FALSE;FALSE;TRUE;FALSE;FALSE;TRUE
660;FALSE;1;4;0;TRUE;1;0;1;0;542;3;FALSE;FALSE;TRUE;TRUE;FALSE;TRUE
661;FALSE;11;7;176;TRUE;0.74;1.11;0;33;204;0;FALSE;FALSE;TRUE;FALSE;FALSE;TRUE
662;FALSE;0;0;0;TRUE;4.33;0;1;0;3;0;FALSE;FALSE;TRUE;TRUE;FALSE;TRUE
663;FALSE;0;37;0;TRUE;0;0;0;0;3;0;FALSE;FALSE;TRUE;FALSE;FALSE;TRUE
664;FALSE;63;0;0;TRUE;0.6;0;0;0;254750;0;FALSE;FALSE;TRUE;FALSE;FALSE;TRUE
665;FALSE;109;240;0;FALSE;3.86;0;1;0;7;0;FALSE;FALSE;FALSE;FALSE;FALSE;TRUE
666;FALSE;50;252;0;FALSE;0;0;1;0;5642;0;FALSE;FALSE;FALSE;FALSE;FALSE;TRUE
667;FALSE;2564;507;33;FALSE;0.65;0.25;0.95;0;404;1;FALSE;FALSE;FALSE;FALSE;FALSE;TRUE
668;FALSE;1213303;991;1;TRUE;0.1;0.15;0.65;103;190996;795;TRUE;FALSE;FALSE;FALSE;FALSE;TRUE
669;FALSE;34003;0;2;FALSE;0;0;0.5;81;3070;143;FALSE;FALSE;FALSE;FALSE;FALSE;TRUE
670;FALSE;5;26;1;TRUE;1.1;0.75;1.25;0;138;0;FALSE;FALSE;TRUE;FALSE;FALSE;TRUE
671;FALSE;20;77;0;TRUE;0;0;1;16;3074;0;FALSE;FALSE;TRUE;FALSE;FALSE;TRUE
672;FALSE;7;24;0;TRUE;4;0;1;0;6;0;FALSE;FALSE;TRUE;TRUE;FALSE;TRUE
673;FALSE;656;1829;27;FALSE;1.6;4.5;0.6;21;1031;0;FALSE;FALSE;FALSE;FALSE;FALSE;TRUE
674;FALSE;5428;90;12;TRUE;0;0;0.85;64;60513;32;FALSE;FALSE;FALSE;FALSE;FALSE;TRUE
675;TRUE;240;80;809;FALSE;0;0;0;0;4;0;FALSE;FALSE;FALSE;FALSE;FALSE;FALSE
676;FALSE;629;541;609;TRUE;0.4;0.35;0.35;171;1356;9;FALSE;FALSE;FALSE;FALSE;FALSE;FALSE
677;FALSE;531;720;1306;TRUE;0.2;0.65;0.4;70;2394;11;FALSE;FALSE;FALSE;FALSE;FALSE;FALSE
678;FALSE;789;241;4343;TRUE;0;1.1;0.05;23;6268;52;FALSE;FALSE;TRUE;FALSE;FALSE;FALSE
679;TRUE;156;133;458;TRUE;0.1;0.85;0.6;29;1095;0;FALSE;FALSE;FALSE;FALSE;FALSE;FALSE
680;FALSE;765;457;2882;TRUE;0.81;0;0;24;1148;1;FALSE;FALSE;FALSE;FALSE;FALSE;FALSE
681;FALSE;593;111;670;FALSE;0.4;0.95;0.35;80;2775;5;FALSE;FALSE;FALSE;FALSE;FALSE;FALSE
682;FALSE;3088;1807;866;TRUE;0;0.85;0.45;36;2921;56;FALSE;FALSE;FALSE;FALSE;FALSE;FALSE
683;FALSE;429;471;41;TRUE;0.1;0.5;0;0;122;0;FALSE;FALSE;TRUE;FALSE;FALSE;FALSE
684;FALSE;57;93;129;FALSE;0.15;1.3;0.25;13;49;0;FALSE;FALSE;FALSE;FALSE;FALSE;FALSE
685;FALSE;361;189;906;FALSE;0.15;1.45;0.35;34;3819;0;FALSE;FALSE;FALSE;FALSE;FALSE;FALSE
686;FALSE;142;127;104;TRUE;0.65;1;0.25;45;140;0;FALSE;FALSE;TRUE;FALSE;FALSE;FALSE
687;FALSE;371;643;2642;TRUE;0.05;0.65;0.45;83;783;1;FALSE;FALSE;TRUE;FALSE;FALSE;FALSE
688;TRUE;26;96;172;TRUE;0;0.25;0;0;16;0;FALSE;FALSE;TRUE;FALSE;FALSE;FALSE
689;FALSE;229;142;674;FALSE;0.15;0.75;0.05;25;3776;0;FALSE;FALSE;FALSE;FALSE;FALSE;FALSE
690;FALSE;176104;340;36975;TRUE;0.1;0.8;0.1;88;11117;217;FALSE;FALSE;FALSE;FALSE;FALSE;FALSE
691;FALSE;132;149;33;TRUE;0.1;0.8;0.45;0;462;0;FALSE;FALSE;FALSE;FALSE;FALSE;FALSE
692;FALSE;46;107;53;TRUE;0.95;1.3;0.5;0;22;3;FALSE;FALSE;TRUE;FALSE;FALSE;FALSE
693;FALSE;222;185;957;TRUE;0;0.85;0.1;99;342;0;FALSE;FALSE;TRUE;FALSE;FALSE;FALSE
694;FALSE;351;508;400;TRUE;0.45;0.75;0.3;90;1163;21;FALSE;FALSE;TRUE;FALSE;FALSE;FALSE
695;FALSE;132;101;1624;TRUE;0.05;1;0.1;36;744;0;FALSE;FALSE;FALSE;FALSE;FALSE;FALSE
696;FALSE;440;269;942;TRUE;0.35;1;0.15;26;6830;0;FALSE;FALSE;FALSE;FALSE;FALSE;FALSE
697;FALSE;1816;1671;1957;TRUE;0.35;0.6;0;19;3525;0;FALSE;FALSE;FALSE;FALSE;FALSE;FALSE
698;FALSE;202;126;698;TRUE;0.16;0.68;0.11;22;1938;0;FALSE;FALSE;FALSE;FALSE;FALSE;FALSE
699;FALSE;385;561;2869;TRUE;0.1;0.65;0.1;15;2892;2;FALSE;FALSE;FALSE;FALSE;FALSE;FALSE
700;FALSE;2149;331;262;FALSE;0.25;0.1;1.05;36;6534;4;FALSE;FALSE;FALSE;FALSE;FALSE;TRUE
701;FALSE;19;82;23;TRUE;3.05;0;1;0;261;0;FALSE;FALSE;TRUE;FALSE;FALSE;TRUE
702;FALSE;103;46;5;TRUE;8;0;1;32;2028;1;FALSE;FALSE;TRUE;FALSE;FALSE;TRUE
703;FALSE;36;85;6;TRUE;0.7;0;1.3;108;352;0;FALSE;FALSE;TRUE;FALSE;FALSE;TRUE
704;FALSE;456;1046;82;TRUE;1;0;1;0;2465;1;FALSE;FALSE;TRUE;FALSE;FALSE;TRUE
705;FALSE;74;0;3;TRUE;4.35;0.25;0.15;123;161;0;FALSE;FALSE;TRUE;FALSE;FALSE;TRUE
706;FALSE;215;835;0;FALSE;1.1;0;1;32;15933;139;FALSE;FALSE;FALSE;FALSE;FALSE;TRUE
707;FALSE;1;98;79;TRUE;0;0;1;80;79;0;FALSE;FALSE;TRUE;FALSE;FALSE;TRUE
708;FALSE;57740;1;3;TRUE;0;1;2;84;7420488;692;FALSE;FALSE;TRUE;FALSE;FALSE;TRUE
709;FALSE;8895;2;0;TRUE;0;0.95;1;62;1158743;0;FALSE;FALSE;TRUE;FALSE;FALSE;TRUE
710;FALSE;2483;0;0;TRUE;0;1;1;62;920451;0;FALSE;FALSE;FALSE;FALSE;FALSE;TRUE
711;FALSE;3303;2;0;TRUE;0;0.85;1;62;1077959;56;FALSE;FALSE;TRUE;FALSE;FALSE;TRUE
712;FALSE;3500;0;0;TRUE;0;0.95;1;62;841984;39;FALSE;FALSE;TRUE;FALSE;FALSE;TRUE
713;FALSE;3163;138;19;TRUE;0;0.9;1;62;953452;0;FALSE;FALSE;FALSE;FALSE;FALSE;TRUE
714;FALSE;2477;0;0;TRUE;0;0.9;1;62;927384;31;FALSE;FALSE;TRUE;FALSE;FALSE;TRUE
715;FALSE;8895;2;0;TRUE;0;0.95;1;62;1158743;0;FALSE;FALSE;TRUE;FALSE;FALSE;TRUE
716;FALSE;3303;2;0;TRUE;0;0.85;1;62;1077959;56;FALSE;FALSE;TRUE;FALSE;FALSE;TRUE
717;FALSE;4089;2;0;TRUE;0;0.95;1;62;1050117;49;FALSE;FALSE;TRUE;FALSE;FALSE;TRUE
718;FALSE;2940;0;0;TRUE;0;0.9;1;62;1024911;0;FALSE;FALSE;TRUE;FALSE;FALSE;TRUE
719;FALSE;3032;1;0;TRUE;0;0.95;1;62;978422;39;FALSE;FALSE;TRUE;FALSE;FALSE;TRUE
720;FALSE;2946;0;1;TRUE;0;0.85;1;62;963973;38;FALSE;FALSE;TRUE;FALSE;FALSE;TRUE
721;FALSE;3163;138;19;TRUE;0;0.9;1;62;953451;59;FALSE;FALSE;FALSE;FALSE;FALSE;TRUE
722;FALSE;2643;0;0;TRUE;0;0.9;1;62;943479;29;FALSE;FALSE;TRUE;FALSE;FALSE;TRUE
723;FALSE;2477;0;0;TRUE;0;0.9;1;62;927384;31;FALSE;FALSE;TRUE;FALSE;FALSE;TRUE
724;FALSE;2517;0;0;TRUE;0;0.95;1;62;921244;36;FALSE;FALSE;TRUE;FALSE;FALSE;TRUE
725;FALSE;2483;0;0;TRUE;0;1;1;62;920449;0;FALSE;FALSE;FALSE;FALSE;FALSE;TRUE
726;FALSE;6;2;0;TRUE;0;1;0;62;5;1;FALSE;FALSE;TRUE;FALSE;FALSE;TRUE
727;FALSE;2426;0;168;FALSE;0;0.9;1;62;914631;28;FALSE;FALSE;FALSE;FALSE;FALSE;TRUE
728;FALSE;2500;0;67;FALSE;0;1;1;62;914096;28;FALSE;FALSE;FALSE;FALSE;FALSE;TRUE
729;FALSE;2574;0;0;TRUE;0;0.9;1;62;912391;29;FALSE;FALSE;FALSE;FALSE;FALSE;TRUE
730;FALSE;2582;0;0;TRUE;0;0.95;1;62;909623;35;FALSE;FALSE;TRUE;FALSE;FALSE;TRUE
731;FALSE;3500;0;0;TRUE;0;0.95;1;62;841984;39;FALSE;FALSE;TRUE;FALSE;FALSE;TRUE
732;FALSE;2;1;7;TRUE;0;0.75;0;86;4;0;FALSE;FALSE;TRUE;FALSE;FALSE;TRUE
733;FALSE;2357;0;11;TRUE;0;0.9;1;62;813376;20;FALSE;FALSE;TRUE;FALSE;FALSE;TRUE
734;FALSE;4;2;0;TRUE;0;0.67;0;0;3;1;FALSE;FALSE;TRUE;FALSE;FALSE;TRUE
735;FALSE;2282;0;0;TRUE;0;0.75;1;62;807820;31;FALSE;FALSE;TRUE;FALSE;FALSE;TRUE
736;FALSE;65;137;2;TRUE;0.36;0.73;0;15;11;0;FALSE;FALSE;FALSE;FALSE;FALSE;TRUE
737;FALSE;4;0;0;TRUE;0;0.5;0;62;8;0;FALSE;FALSE;TRUE;FALSE;FALSE;TRUE
738;FALSE;19;2;24;TRUE;0;0.65;0;0;429;1;FALSE;FALSE;TRUE;FALSE;FALSE;TRUE
739;FALSE;14;1;3;TRUE;0;1.1;0.05;62;71;0;FALSE;FALSE;TRUE;FALSE;FALSE;TRUE
740;FALSE;15;1;0;TRUE;0;0.8;0;62;79;1;FALSE;FALSE;TRUE;FALSE;FALSE;TRUE
741;FALSE;3;0;0;TRUE;0;0.95;0.75;62;28;0;FALSE;FALSE;TRUE;FALSE;FALSE;TRUE
742;FALSE;3;0;4;TRUE;0.1;0.7;0.7;62;10;0;FALSE;FALSE;TRUE;FALSE;FALSE;TRUE
743;FALSE;1;0;0;TRUE;0;1;1;86;1;0;FALSE;FALSE;TRUE;FALSE;FALSE;TRUE
744;FALSE;33;3;4;TRUE;0;0.33;0;62;3;0;FALSE;FALSE;TRUE;FALSE;FALSE;TRUE
745;FALSE;7;16;0;TRUE;0;0.8;0;62;46;0;FALSE;FALSE;TRUE;FALSE;FALSE;TRUE
746;FALSE;3;0;0;TRUE;0;0;0;23;0;0;FALSE;FALSE;TRUE;FALSE;FALSE;TRUE
747;FALSE;1;2;0;TRUE;0;0;0;86;0;0;FALSE;FALSE;TRUE;FALSE;FALSE;TRUE
748;FALSE;24;3;0;TRUE;0;1;1;62;1;0;FALSE;FALSE;TRUE;FALSE;FALSE;TRUE
749;FALSE;3;3;1;TRUE;0;1.11;1;62;9;0;FALSE;FALSE;TRUE;FALSE;FALSE;TRUE
750;FALSE;3;8;0;TRUE;0.25;0.8;0;62;84;0;FALSE;FALSE;TRUE;FALSE;FALSE;TRUE
751;FALSE;5;1;6;TRUE;0;0.53;0.8;21;15;1;FALSE;FALSE;TRUE;FALSE;FALSE;TRUE
752;FALSE;13;1;0;TRUE;0.2;0.25;0.25;62;37;0;FALSE;FALSE;FALSE;FALSE;FALSE;TRUE
753;FALSE;2;0;0;TRUE;0;1;1;62;3;0;FALSE;FALSE;TRUE;FALSE;FALSE;TRUE
754;FALSE;3;0;10;TRUE;0;0;1;97;39;0;FALSE;FALSE;FALSE;FALSE;FALSE;TRUE
755;FALSE;3;0;0;TRUE;0;0.5;1;0;4;0;FALSE;FALSE;TRUE;FALSE;FALSE;TRUE
756;FALSE;0;1;0;TRUE;0;1;0;61;4;0;FALSE;FALSE;TRUE;FALSE;FALSE;TRUE
757;FALSE;5;0;0;TRUE;0;0.92;1;0;13;1;FALSE;FALSE;TRUE;FALSE;FALSE;TRUE
758;FALSE;7;0;0;TRUE;0;0.75;1;62;4;0;FALSE;FALSE;TRUE;FALSE;FALSE;TRUE
759;FALSE;42;375;1;TRUE;0;0.5;0.88;62;8;0;FALSE;FALSE;TRUE;FALSE;FALSE;TRUE
760;FALSE;4;1;8;TRUE;0;1.21;0.29;0;14;0;FALSE;FALSE;TRUE;FALSE;FALSE;TRUE
761;FALSE;1;8;0;TRUE;0;0.75;0.8;41;24;0;FALSE;FALSE;TRUE;FALSE;FALSE;TRUE
762;FALSE;1;0;0;TRUE;0;1;0;10;2;0;FALSE;FALSE;TRUE;FALSE;FALSE;TRUE
763;FALSE;8;20;9;TRUE;0;0.88;0;62;8;0;FALSE;FALSE;TRUE;FALSE;FALSE;TRUE
764;FALSE;100;0;57;TRUE;0;0.95;0;62;156;2;FALSE;FALSE;TRUE;FALSE;FALSE;TRUE
765;FALSE;2;0;0;TRUE;0;1;0;61;60;0;FALSE;FALSE;TRUE;FALSE;FALSE;TRUE
766;FALSE;1;0;0;TRUE;0;1.21;1;62;14;0;FALSE;FALSE;TRUE;FALSE;FALSE;TRUE
767;FALSE;3;0;0;TRUE;0;1;1;6;1;0;FALSE;FALSE;TRUE;FALSE;FALSE;TRUE
768;FALSE;6;17;0;TRUE;0;0.8;0.2;86;5;0;FALSE;FALSE;TRUE;FALSE;FALSE;TRUE
769;FALSE;1;4;0;TRUE;0;0.8;0.25;0;21;0;FALSE;FALSE;TRUE;FALSE;FALSE;TRUE
770;FALSE;2;14;10;TRUE;0;0.5;0;6;31;0;FALSE;FALSE;TRUE;FALSE;FALSE;TRUE
771;FALSE;1;0;0;TRUE;0;1;1;62;3;0;FALSE;FALSE;TRUE;FALSE;FALSE;TRUE
772;FALSE;1;0;0;TRUE;0;1;1;62;4;0;FALSE;FALSE;TRUE;FALSE;FALSE;TRUE
773;FALSE;2;7;220;TRUE;0;0.9;0;62;303;0;FALSE;FALSE;TRUE;FALSE;FALSE;TRUE
774;FALSE;3;2;0;TRUE;0;0.9;0;85;57;0;FALSE;FALSE;TRUE;FALSE;FALSE;TRUE
775;FALSE;2;1;27;TRUE;0;1;0;62;7;0;FALSE;FALSE;TRUE;FALSE;FALSE;TRUE
776;FALSE;18;2;0;TRUE;0;0;0;96;0;1;FALSE;FALSE;TRUE;FALSE;FALSE;TRUE
777;FALSE;128;856;37;TRUE;0;0.85;0.75;111;116;2;FALSE;FALSE;TRUE;FALSE;FALSE;TRUE
778;FALSE;1;0;0;TRUE;0;0;0;0;0;1;FALSE;FALSE;TRUE;FALSE;FALSE;TRUE
779;FALSE;11;2;0;TRUE;0;0.75;1;62;108;0;FALSE;FALSE;TRUE;FALSE;FALSE;TRUE
780;FALSE;2;2;0;TRUE;0;0.2;1;0;5;0;FALSE;FALSE;TRUE;FALSE;FALSE;TRUE
781;FALSE;1;2;0;TRUE;0;0.4;1;0;5;0;FALSE;FALSE;TRUE;FALSE;FALSE;TRUE
782;FALSE;3;1;0;TRUE;0.69;0.19;0.25;0;16;0;FALSE;FALSE;TRUE;FALSE;FALSE;TRUE
783;FALSE;86;281;0;TRUE;0;0;0;86;0;0;FALSE;FALSE;FALSE;FALSE;FALSE;TRUE
784;FALSE;3;0;0;TRUE;0;1.63;0.25;0;16;0;FALSE;FALSE;TRUE;FALSE;FALSE;TRUE
785;FALSE;1;1;0;TRUE;0;1.61;0.28;0;18;0;FALSE;FALSE;TRUE;FALSE;FALSE;TRUE
786;FALSE;1;1;0;TRUE;0;1.61;0.28;0;18;0;FALSE;FALSE;TRUE;FALSE;FALSE;TRUE
787;FALSE;2;0;0;TRUE;0.76;0.12;0.24;0;17;0;FALSE;FALSE;TRUE;FALSE;FALSE;TRUE
788;FALSE;1;0;0;TRUE;0;1;0;0;1;0;FALSE;FALSE;TRUE;FALSE;FALSE;TRUE
789;FALSE;2;0;0;TRUE;0;0;0;62;0;0;FALSE;FALSE;TRUE;FALSE;FALSE;TRUE
790;FALSE;2;2;0;TRUE;0;0.85;1;62;66;0;FALSE;FALSE;TRUE;FALSE;FALSE;TRUE
791;FALSE;0;0;0;TRUE;0;0;0;0;0;0;FALSE;FALSE;TRUE;TRUE;FALSE;TRUE
792;FALSE;0;0;0;TRUE;0;0;0;0;0;0;FALSE;FALSE;TRUE;TRUE;FALSE;TRUE
793;FALSE;57742;1;3;TRUE;0;1;2;84;7425857;687;FALSE;FALSE;TRUE;FALSE;FALSE;TRUE
794;FALSE;6;10;0;FALSE;5;0;0;24;498;0;FALSE;FALSE;FALSE;FALSE;FALSE;TRUE
795;FALSE;26045;8342;621;FALSE;2.55;0;1.6;160;2035;31;FALSE;FALSE;FALSE;FALSE;FALSE;TRUE
796;FALSE;300529;60596;0;TRUE;2.2;0.75;0.65;70;17418;374;FALSE;FALSE;FALSE;FALSE;FALSE;TRUE
797;FALSE;17;8;150;TRUE;1.85;0;0;56;749;0;FALSE;FALSE;TRUE;FALSE;FALSE;TRUE
798;FALSE;7560;13;15897;TRUE;1.7;0;1.1;101;3580;4;FALSE;FALSE;TRUE;FALSE;FALSE;TRUE
799;FALSE;377;17;1;FALSE;2.25;0.35;1.05;160;316;0;FALSE;FALSE;FALSE;FALSE;FALSE;TRUE
800;FALSE;1344;978;0;TRUE;0;2.8;0.75;40;31862;1;FALSE;FALSE;FALSE;FALSE;FALSE;TRUE
801;FALSE;48;261;14;TRUE;0.5;1.05;1;56;4498;0;FALSE;FALSE;TRUE;FALSE;FALSE;TRUE
802;FALSE;294;1145;17;TRUE;1.2;0.6;0.05;57;1929;0;FALSE;FALSE;FALSE;FALSE;FALSE;TRUE
803;FALSE;5;8;27;TRUE;6.15;0.05;1.1;23;4862;0;FALSE;FALSE;TRUE;FALSE;FALSE;TRUE
804;FALSE;11;60;0;TRUE;1.55;0.6;1.1;71;21;0;FALSE;FALSE;TRUE;FALSE;FALSE;TRUE
805;FALSE;253;275;1;TRUE;2.5;0;1.88;0;9;0;FALSE;FALSE;TRUE;FALSE;FALSE;TRUE
806;FALSE;5;0;0;TRUE;0.95;0;1;82;23160;0;FALSE;FALSE;TRUE;FALSE;FALSE;TRUE
807;FALSE;318;222;183;TRUE;4.5;0;1;30;2;0;FALSE;FALSE;TRUE;FALSE;FALSE;TRUE
808;FALSE;54;23;26;TRUE;0.6;0.2;0;41;156;0;FALSE;FALSE;TRUE;FALSE;FALSE;FALSE
809;FALSE;21;0;0;TRUE;1.7;0;1;47;208;0;FALSE;FALSE;TRUE;FALSE;FALSE;TRUE
810;FALSE;192;129;6;TRUE;3.41;0;1.35;58;82701;2;FALSE;FALSE;TRUE;FALSE;FALSE;TRUE
811;FALSE;6817;3;7;TRUE;0.05;0.05;0.35;86;1074;8;FALSE;FALSE;FALSE;FALSE;FALSE;TRUE
812;FALSE;74725;5;4;TRUE;0;0;0.9;160;85028;184;FALSE;FALSE;FALSE;FALSE;FALSE;TRUE
813;FALSE;3821;299;0;TRUE;1.75;0;1;55;177290;38;FALSE;FALSE;FALSE;FALSE;FALSE;TRUE
814;FALSE;7005;11;149;TRUE;5.8;0.2;1.6;113;172;6;FALSE;FALSE;FALSE;FALSE;FALSE;TRUE
815;FALSE;556787;80;1;FALSE;0.15;0;1;153;87930;1002;TRUE;FALSE;FALSE;FALSE;FALSE;TRUE
816;FALSE;1;23;2;TRUE;0;1;0.5;0;2;0;FALSE;FALSE;TRUE;TRUE;FALSE;TRUE
817;FALSE;2249;0;2;TRUE;1.8;0;0.4;22;5;0;FALSE;FALSE;TRUE;FALSE;FALSE;TRUE
818;FALSE;26;51;0;TRUE;2.4;0.15;1.2;0;149;0;FALSE;FALSE;TRUE;FALSE;FALSE;TRUE
819;FALSE;0;21;0;TRUE;4.33;0;1;0;3;0;FALSE;FALSE;TRUE;TRUE;FALSE;TRUE
820;FALSE;1;6;1;TRUE;2.7;0.4;0.6;9;10;0;FALSE;FALSE;TRUE;FALSE;FALSE;TRUE
821;FALSE;669;1349;23;FALSE;4.1;0;1.05;71;235;1;FALSE;FALSE;FALSE;FALSE;FALSE;TRUE
822;FALSE;17;302;4;TRUE;1.6;0.6;0.2;0;5;0;FALSE;FALSE;TRUE;FALSE;FALSE;TRUE
823;FALSE;109;5;6;FALSE;2.85;0;1;47;8728;9;FALSE;FALSE;FALSE;FALSE;FALSE;TRUE
824;FALSE;0;5;21;TRUE;0.1;0.45;0.6;0;66;0;FALSE;FALSE;TRUE;TRUE;FALSE;TRUE
825;FALSE;8802;14;3809;TRUE;0.7;0;0.05;38;740;17;FALSE;FALSE;FALSE;FALSE;FALSE;TRUE
826;FALSE;10;10;2;TRUE;1.25;1.05;0.5;21;84;0;FALSE;FALSE;TRUE;FALSE;FALSE;TRUE
827;FALSE;288;662;201;TRUE;0.55;0.35;0.15;157;8776;2;FALSE;FALSE;TRUE;FALSE;FALSE;TRUE
828;FALSE;117;230;88;TRUE;0.65;0.25;0.15;136;5273;1;FALSE;FALSE;TRUE;FALSE;FALSE;TRUE
829;FALSE;61;327;64;TRUE;0.5;0.25;0.1;38;1671;0;FALSE;FALSE;TRUE;FALSE;FALSE;TRUE
830;FALSE;937;2438;2613;TRUE;0.05;0.1;0.5;156;170573;23;FALSE;FALSE;FALSE;FALSE;FALSE;TRUE
831;FALSE;1210;346;83;TRUE;3.9;0;1;0;6036;0;FALSE;FALSE;FALSE;FALSE;FALSE;TRUE
832;FALSE;0;16;0;TRUE;2.27;0;0.27;0;11;0;FALSE;FALSE;TRUE;FALSE;FALSE;TRUE
833;FALSE;922;202;1679;TRUE;0.25;0;0.95;46;1826;5;FALSE;FALSE;FALSE;FALSE;FALSE;TRUE
834;FALSE;1;1;1;TRUE;3.2;0;0.2;0;49;0;FALSE;FALSE;TRUE;TRUE;FALSE;TRUE
835;FALSE;348;513;1;TRUE;3.2;0;0;81;119;0;FALSE;FALSE;TRUE;FALSE;FALSE;TRUE
836;FALSE;169;0;0;FALSE;2.1;0;0.8;31;551;0;FALSE;FALSE;FALSE;FALSE;FALSE;TRUE
837;FALSE;0;0;0;TRUE;3.6;0.6;0;0;5;0;FALSE;FALSE;TRUE;TRUE;FALSE;TRUE
838;FALSE;0;0;0;TRUE;3.71;0.43;0;0;7;0;FALSE;FALSE;TRUE;TRUE;FALSE;TRUE
839;FALSE;0;0;0;TRUE;2.75;0.5;0;0;4;0;FALSE;FALSE;TRUE;TRUE;FALSE;TRUE
840;FALSE;0;0;0;TRUE;3.75;0.5;0;0;4;0;FALSE;FALSE;TRUE;TRUE;FALSE;TRUE
841;FALSE;1;8;0;TRUE;0;0;1;0;1;0;FALSE;FALSE;TRUE;TRUE;FALSE;TRUE
842;FALSE;44;0;0;TRUE;0.9;0;1.95;20;1860;1;FALSE;FALSE;TRUE;FALSE;FALSE;TRUE
843;FALSE;0;0;0;TRUE;3.89;0.56;0;0;9;0;FALSE;FALSE;TRUE;TRUE;FALSE;TRUE
844;FALSE;0;0;0;TRUE;3.71;0.57;0;0;7;0;FALSE;FALSE;TRUE;TRUE;FALSE;TRUE
845;FALSE;1;6;0;TRUE;0;0;0.25;0;4;0;FALSE;FALSE;TRUE;FALSE;FALSE;TRUE
846;FALSE;0;0;0;TRUE;3.43;0.57;0;0;7;0;FALSE;FALSE;TRUE;TRUE;FALSE;TRUE
847;FALSE;0;0;0;TRUE;3.6;0.4;0;0;5;0;FALSE;FALSE;TRUE;TRUE;FALSE;TRUE
848;FALSE;0;0;0;TRUE;3.8;0.4;0;0;5;0;FALSE;FALSE;TRUE;TRUE;FALSE;TRUE
849;FALSE;0;0;0;TRUE;3.38;0.5;0;0;8;0;FALSE;FALSE;TRUE;TRUE;FALSE;TRUE
850;FALSE;0;0;0;TRUE;3.5;0.5;0;0;4;0;FALSE;FALSE;TRUE;TRUE;FALSE;TRUE
851;FALSE;1119;340;108907;TRUE;0;0.5;0.05;33;14017;3;FALSE;FALSE;TRUE;FALSE;FALSE;FALSE
852;FALSE;323;156;900;FALSE;0;0.7;0.05;0;3065;0;FALSE;FALSE;FALSE;FALSE;FALSE;FALSE
853;FALSE;387;165;495;TRUE;0.1;0.3;0.05;82;1135;0;FALSE;FALSE;FALSE;FALSE;FALSE;FALSE
854;FALSE;663092;181;156201;TRUE;0;0.45;0;52;23108;327;FALSE;FALSE;FALSE;FALSE;FALSE;FALSE
855;FALSE;126;78;838;FALSE;0;0.45;0;3;88;0;FALSE;FALSE;FALSE;FALSE;FALSE;FALSE
856;FALSE;93;110;162;FALSE;0;0.35;0.2;24;54;0;FALSE;FALSE;FALSE;FALSE;FALSE;FALSE
857;FALSE;210;264;1615;TRUE;0.05;0.5;0.05;71;828;0;FALSE;FALSE;TRUE;FALSE;FALSE;FALSE
858;FALSE;506;252;3878;TRUE;0;0.89;0.05;28;2956;1;FALSE;FALSE;FALSE;FALSE;FALSE;FALSE
859;FALSE;137282;31;7536;TRUE;0.05;0.15;0.05;47;239;41;FALSE;FALSE;TRUE;FALSE;FALSE;FALSE
860;FALSE;2250;452;73270;TRUE;0.1;0.6;0;31;3453;2;FALSE;FALSE;TRUE;FALSE;FALSE;FALSE
861;FALSE;4188;424;16263;TRUE;0.25;0.9;0.65;142;10628;158;FALSE;FALSE;FALSE;FALSE;FALSE;FALSE
862;FALSE;912;698;10055;TRUE;1.1;0.6;0.35;70;4005;2;FALSE;FALSE;FALSE;FALSE;FALSE;FALSE
863;FALSE;1229;770;1396;TRUE;0.2;0.55;0;24;2321;0;FALSE;FALSE;FALSE;FALSE;FALSE;FALSE
864;FALSE;101;147;767;TRUE;0.11;0.72;0.06;131;439;0;FALSE;FALSE;TRUE;FALSE;FALSE;FALSE
865;FALSE;2557;864;58081;TRUE;0;0.8;0.15;38;23978;8;FALSE;FALSE;FALSE;FALSE;FALSE;FALSE
866;FALSE;4462;3669;8425;TRUE;0.3;0.4;0;24;1389;1;FALSE;FALSE;TRUE;FALSE;FALSE;FALSE
867;FALSE;4462;3669;8425;TRUE;0.3;0.4;0;24;1389;1;FALSE;FALSE;TRUE;FALSE;FALSE;FALSE
868;FALSE;490;165;3384;TRUE;0;0.58;0.05;0;1322;1;FALSE;FALSE;FALSE;FALSE;FALSE;FALSE
869;FALSE;804;254;436;TRUE;0.75;0.95;0.15;28;218;1;FALSE;FALSE;FALSE;FALSE;FALSE;FALSE
870;FALSE;1257;804;321;FALSE;0.05;1.05;0.1;65;11833;51;FALSE;FALSE;FALSE;FALSE;FALSE;FALSE
871;FALSE;5554;471;6943;TRUE;0;0.55;0.25;117;69182;19;FALSE;FALSE;FALSE;FALSE;FALSE;FALSE
872;FALSE;804;1115;224;TRUE;0.1;0.75;0.2;135;8175;3;FALSE;FALSE;FALSE;FALSE;FALSE;FALSE
873;FALSE;64;615;70;TRUE;0.5;0.2;0.1;65;23;0;FALSE;FALSE;TRUE;FALSE;FALSE;FALSE
874;FALSE;61;359;258;TRUE;0.6;0.45;0;56;101;0;FALSE;FALSE;FALSE;FALSE;FALSE;FALSE
875;FALSE;518;251;3461;TRUE;0.35;0.5;0.35;44;2654;0;FALSE;FALSE;TRUE;FALSE;FALSE;FALSE
876;FALSE;466;354;2911;TRUE;0.15;0.55;0.15;156;10885;0;FALSE;FALSE;FALSE;FALSE;FALSE;FALSE
877;FALSE;3319;4993;31325;TRUE;0.55;1.05;0.2;33;22753;7;FALSE;FALSE;TRUE;FALSE;FALSE;FALSE
878;FALSE;260;606;141;TRUE;0.65;0.35;0;41;1613;0;FALSE;FALSE;TRUE;FALSE;FALSE;FALSE
879;FALSE;101;185;1296;TRUE;0.55;0.45;0;55;888;0;FALSE;FALSE;FALSE;FALSE;FALSE;FALSE
880;FALSE;803;1236;2987;TRUE;0.35;0.5;0.2;125;3068;1;FALSE;FALSE;FALSE;FALSE;FALSE;FALSE
881;FALSE;260;606;141;TRUE;0.65;0.35;0;41;1613;0;FALSE;FALSE;TRUE;FALSE;FALSE;FALSE
882;FALSE;1617;1122;19265;TRUE;0.4;0.05;0;70;6670;0;FALSE;FALSE;TRUE;FALSE;FALSE;FALSE
883;FALSE;148;629;234;TRUE;0.45;0.15;0.25;9;208;0;FALSE;FALSE;TRUE;FALSE;FALSE;FALSE
884;FALSE;149;33;1279;FALSE;0.6;0.65;0.05;26;1029;0;FALSE;FALSE;FALSE;FALSE;FALSE;FALSE
885;FALSE;79;185;1992;TRUE;0.45;0.15;0.05;75;225;0;FALSE;FALSE;FALSE;FALSE;FALSE;FALSE
886;FALSE;178;90;2318;TRUE;0.8;0.15;0;18;2594;0;FALSE;FALSE;FALSE;FALSE;FALSE;FALSE
887;FALSE;3059;1613;1899;FALSE;0.1;1.05;0.1;50;4261;50;FALSE;FALSE;FALSE;FALSE;FALSE;FALSE
888;FALSE;2799;631;2354;FALSE;0.05;0.6;0.15;47;12465;40;FALSE;FALSE;FALSE;FALSE;FALSE;FALSE
889;FALSE;311;39;1;TRUE;0.7;0;0.95;114;2409;18;FALSE;FALSE;FALSE;FALSE;FALSE;FALSE
890;FALSE;58;79;42;TRUE;0.2;0.65;0.05;11;69;0;FALSE;FALSE;TRUE;FALSE;FALSE;FALSE
891;FALSE;756;441;1590;TRUE;0.05;0.8;0.3;21;3539;20;FALSE;FALSE;FALSE;FALSE;FALSE;FALSE
892;FALSE;2385;32;77;TRUE;0;0.7;0.25;26;504;7;FALSE;FALSE;FALSE;FALSE;FALSE;FALSE
893;FALSE;1352;438;6033;TRUE;0;0.85;0.25;90;4859;17;FALSE;FALSE;FALSE;FALSE;FALSE;FALSE
894;FALSE;1038;71;109;TRUE;0;0.65;0.7;100;652;13;FALSE;FALSE;FALSE;FALSE;FALSE;FALSE
895;FALSE;3390;191;2940;TRUE;0;0.8;0.1;154;4359;36;FALSE;FALSE;TRUE;FALSE;FALSE;FALSE
896;FALSE;813;484;4927;TRUE;0.15;0.75;0.5;150;6000;63;FALSE;FALSE;FALSE;FALSE;FALSE;FALSE
897;FALSE;2879;326;3104;TRUE;0;1.4;0.1;125;4631;56;FALSE;FALSE;FALSE;FALSE;FALSE;FALSE
898;FALSE;196;118;26066;FALSE;0.21;0.68;0.16;32;6821;0;FALSE;FALSE;FALSE;FALSE;FALSE;FALSE
899;FALSE;88;275;1202;TRUE;0.55;0.5;0.1;10;1371;0;FALSE;FALSE;TRUE;FALSE;FALSE;FALSE
900;FALSE;1268;279;38368;TRUE;0.05;0.75;0.05;34;19459;6;FALSE;FALSE;TRUE;FALSE;FALSE;FALSE
901;FALSE;76;80;1496;TRUE;0.6;0.7;0.25;83;6267;0;FALSE;FALSE;FALSE;FALSE;FALSE;FALSE
902;FALSE;703;493;3534;TRUE;0.25;0.75;0;60;12215;1;FALSE;FALSE;FALSE;FALSE;FALSE;FALSE
903;FALSE;1251;462;10603;TRUE;0.2;0.3;0.05;92;13599;2;FALSE;FALSE;TRUE;FALSE;FALSE;FALSE
904;FALSE;293;254;1304;TRUE;0.05;0.3;0.15;85;381;0;FALSE;FALSE;TRUE;FALSE;FALSE;FALSE
905;FALSE;1638;997;6005;TRUE;1.5;0.45;0.15;37;7529;24;FALSE;FALSE;TRUE;FALSE;FALSE;FALSE
906;FALSE;1398;1236;13;TRUE;0.5;0.5;0.05;51;10953;1;FALSE;FALSE;FALSE;FALSE;FALSE;FALSE
907;FALSE;192;127;42;TRUE;0.55;0.45;0;60;114;0;FALSE;FALSE;TRUE;FALSE;FALSE;FALSE
908;FALSE;299;265;552;TRUE;0.85;0.3;0.05;57;347;0;FALSE;FALSE;TRUE;FALSE;FALSE;FALSE
909;FALSE;907;1057;11937;TRUE;0.05;0.1;0;14;425;2;FALSE;FALSE;TRUE;FALSE;FALSE;FALSE
910;FALSE;825;370;3391;FALSE;0.3;0.45;0.1;34;9648;4;FALSE;FALSE;FALSE;FALSE;FALSE;FALSE
911;FALSE;580;138;195;TRUE;0.15;0.8;0.15;153;18244;4;FALSE;FALSE;FALSE;FALSE;FALSE;FALSE
912;FALSE;513;229;578;TRUE;0.3;0.45;0;6;6277;0;FALSE;FALSE;FALSE;FALSE;FALSE;FALSE
913;FALSE;153;179;356;TRUE;0.25;0.55;0;61;89;0;FALSE;FALSE;TRUE;FALSE;FALSE;FALSE
914;FALSE;13341;14397;1338;TRUE;0.85;0.15;0;81;17720;17;FALSE;FALSE;FALSE;FALSE;FALSE;FALSE
915;FALSE;3888;1371;3115;TRUE;0.35;0.5;0.15;28;12329;17;FALSE;FALSE;FALSE;FALSE;FALSE;FALSE
916;FALSE;127;55;207;TRUE;0.05;0.1;0;68;50;0;FALSE;FALSE;TRUE;FALSE;FALSE;FALSE
917;FALSE;1366;663;24555;FALSE;0.1;0.55;0.05;0;25764;2;FALSE;FALSE;FALSE;FALSE;FALSE;FALSE
918;FALSE;65576;43736;46167;TRUE;0.05;0.05;0.05;28;19579;35;FALSE;FALSE;FALSE;FALSE;FALSE;FALSE
919;FALSE;4473;3674;8442;TRUE;0.3;0.4;0;24;1388;1;FALSE;FALSE;TRUE;FALSE;FALSE;FALSE
920;FALSE;11241;6173;42111;TRUE;0.1;3.6;0.35;104;38284;19;FALSE;FALSE;TRUE;FALSE;FALSE;FALSE
921;FALSE;506;384;1011;TRUE;0.05;0.45;0.05;53;25099;0;FALSE;FALSE;FALSE;FALSE;FALSE;FALSE
922;FALSE;162;144;2203;TRUE;0.8;0.55;0.05;0;2576;0;FALSE;FALSE;TRUE;FALSE;FALSE;FALSE
923;FALSE;186;357;2085;TRUE;0.2;0.85;0.15;19;3849;0;FALSE;FALSE;FALSE;FALSE;FALSE;FALSE
924;FALSE;1342;445;601;TRUE;0.4;0.4;0.1;42;1849;0;FALSE;FALSE;TRUE;FALSE;FALSE;FALSE
925;FALSE;1244;743;3572;TRUE;0.5;0.55;0.1;27;5610;3;FALSE;FALSE;FALSE;FALSE;FALSE;FALSE
926;FALSE;584;612;1410;TRUE;0.35;0.15;0;36;162;0;FALSE;FALSE;TRUE;FALSE;FALSE;FALSE
927;FALSE;193;381;812;TRUE;0.15;1.15;0.15;26;2861;0;FALSE;FALSE;FALSE;FALSE;FALSE;FALSE
928;FALSE;206;352;534;TRUE;0.2;0.1;0.05;0;100;0;FALSE;FALSE;FALSE;FALSE;FALSE;FALSE
929;FALSE;1012;1098;1004;TRUE;0.8;0.05;0.05;80;1959;1;FALSE;FALSE;FALSE;FALSE;FALSE;FALSE
930;FALSE;165;86;104;TRUE;0.6;0.45;0;33;94;0;FALSE;FALSE;TRUE;FALSE;FALSE;FALSE
931;FALSE;89;70;645;TRUE;0.3;0.4;0;3;132;0;FALSE;FALSE;TRUE;FALSE;FALSE;FALSE
932;FALSE;84;69;1945;TRUE;0.2;0.25;0.3;6;1254;1;FALSE;FALSE;FALSE;FALSE;FALSE;FALSE
933;FALSE;67;193;888;TRUE;0.25;0.7;0.05;0;378;0;FALSE;FALSE;FALSE;FALSE;FALSE;FALSE
934;FALSE;186;72;865;FALSE;0.25;0.4;0;41;736;0;FALSE;FALSE;FALSE;FALSE;FALSE;FALSE
935;FALSE;543;1433;47;TRUE;0.95;0.05;0;29;192;0;FALSE;FALSE;TRUE;FALSE;FALSE;FALSE
936;FALSE;161;154;999;TRUE;0.25;0.4;0.1;43;782;0;FALSE;FALSE;TRUE;FALSE;FALSE;FALSE
937;FALSE;135;98;856;TRUE;0.45;0.1;0.1;29;195;0;FALSE;FALSE;TRUE;FALSE;FALSE;FALSE
938;FALSE;2282;1752;12245;TRUE;0.15;0.6;0;20;11796;2;FALSE;FALSE;FALSE;FALSE;FALSE;FALSE
939;FALSE;298;262;2;TRUE;0.9;0.05;0;39;129;0;FALSE;FALSE;TRUE;FALSE;FALSE;FALSE
940;FALSE;627;78;27832;TRUE;0.85;0.15;0.2;153;9501;1;FALSE;FALSE;TRUE;FALSE;FALSE;FALSE
941;FALSE;131;68;1568;TRUE;0.25;0.85;0.05;151;1104;1;FALSE;FALSE;TRUE;FALSE;FALSE;FALSE
942;FALSE;241;167;832;TRUE;0.65;0.15;0.1;3;985;0;FALSE;FALSE;FALSE;FALSE;FALSE;FALSE
943;FALSE;201;220;682;TRUE;0.05;0.2;0;151;3349;2;FALSE;FALSE;FALSE;FALSE;FALSE;FALSE
944;FALSE;194;96;181;TRUE;0.3;0.35;0.05;41;2117;0;FALSE;FALSE;FALSE;FALSE;FALSE;FALSE
945;FALSE;585;612;1410;TRUE;0.35;0.15;0;36;162;0;FALSE;FALSE;TRUE;FALSE;FALSE;FALSE
946;FALSE;137;98;182;TRUE;0.45;0.1;0.2;23;996;0;FALSE;FALSE;FALSE;FALSE;FALSE;FALSE
947;FALSE;535;45;10668;TRUE;0.3;0.1;0;0;1421;1;FALSE;FALSE;TRUE;FALSE;FALSE;FALSE
948;FALSE;1327;1087;1339;FALSE;0.6;0.05;0;39;2741;1;FALSE;FALSE;FALSE;FALSE;FALSE;FALSE
949;FALSE;955;237;1080;TRUE;0.1;0;0;101;240;2;FALSE;FALSE;FALSE;FALSE;FALSE;FALSE
950;FALSE;67;90;488;TRUE;0.25;0.25;0;48;850;0;FALSE;FALSE;TRUE;FALSE;FALSE;FALSE
951;FALSE;55;59;419;TRUE;0.35;0.65;0.05;22;123;0;FALSE;FALSE;TRUE;FALSE;FALSE;FALSE
952;FALSE;1602;2143;13231;FALSE;0.35;0.4;0.05;0;10189;0;FALSE;FALSE;FALSE;FALSE;FALSE;FALSE
953;FALSE;143;13;436;TRUE;1;0;0;154;1867;1;FALSE;FALSE;TRUE;FALSE;FALSE;FALSE
954;FALSE;193;131;641;TRUE;0.55;0.05;0;105;3849;0;FALSE;FALSE;FALSE;FALSE;FALSE;FALSE
955;FALSE;80;110;681;TRUE;0.1;0.95;0.2;7;261;0;FALSE;FALSE;FALSE;FALSE;FALSE;FALSE
956;FALSE;45;90;1619;TRUE;0.25;0.8;0.2;0;482;1;FALSE;FALSE;TRUE;FALSE;FALSE;FALSE
957;FALSE;9;8;8;TRUE;0.9;0.1;0;22;10;0;FALSE;FALSE;TRUE;FALSE;FALSE;FALSE
958;FALSE;38;45;85;TRUE;0.05;0.75;0.15;0;87;0;FALSE;FALSE;TRUE;FALSE;FALSE;FALSE
959;FALSE;44;25;23;TRUE;1.27;0.2;0;38;15;0;FALSE;FALSE;TRUE;FALSE;FALSE;FALSE
960;FALSE;59;240;97;TRUE;0.55;0.45;0;64;121;0;FALSE;FALSE;TRUE;FALSE;FALSE;FALSE
961;FALSE;32;38;79;TRUE;0.05;0.85;0.65;120;181;0;FALSE;FALSE;TRUE;FALSE;FALSE;FALSE
962;FALSE;381;36;6;TRUE;0.25;0;0;16;12;0;FALSE;FALSE;TRUE;FALSE;FALSE;FALSE
963;FALSE;155;132;2793;TRUE;0.05;0.9;0;19;2096;0;FALSE;FALSE;TRUE;FALSE;FALSE;FALSE
964;FALSE;1286;39;7166;TRUE;0.45;0.05;0;20;2277;0;FALSE;FALSE;FALSE;FALSE;FALSE;FALSE
965;FALSE;349;272;2276;TRUE;0.9;0.45;0.2;34;2765;0;FALSE;FALSE;FALSE;FALSE;FALSE;FALSE
966;FALSE;1311;315;256;TRUE;0.3;0.75;0.15;103;6507;1;FALSE;FALSE;FALSE;FALSE;FALSE;FALSE
967;FALSE;874;606;4511;FALSE;0.15;0.25;0;152;1214;0;FALSE;FALSE;FALSE;FALSE;FALSE;FALSE
968;FALSE;142;99;57;TRUE;0.45;0.6;0;0;43;0;FALSE;FALSE;TRUE;FALSE;FALSE;FALSE
969;FALSE;2393;1659;1818;FALSE;0.15;0.7;0.1;128;1350;0;FALSE;FALSE;FALSE;FALSE;FALSE;FALSE
970;FALSE;38;24;10;TRUE;0.89;0.06;0;16;18;0;FALSE;FALSE;TRUE;FALSE;FALSE;FALSE
971;FALSE;39;109;1343;FALSE;0.1;0.75;0.25;43;867;2;FALSE;FALSE;FALSE;FALSE;FALSE;FALSE
972;FALSE;27;31;119;TRUE;1.15;0.25;0.1;39;128;0;FALSE;FALSE;TRUE;FALSE;FALSE;FALSE
973;FALSE;164;63;1345;TRUE;1.1;0.05;0;88;3254;3;FALSE;FALSE;FALSE;FALSE;FALSE;FALSE
974;FALSE;434;401;314;TRUE;0.35;0.15;0.05;0;174;0;FALSE;FALSE;TRUE;FALSE;FALSE;FALSE
975;FALSE;93;97;4864;TRUE;0.7;0.2;0;37;367;0;FALSE;FALSE;TRUE;FALSE;FALSE;FALSE
976;FALSE;1000;718;2574;TRUE;0.15;0.15;0.05;45;6803;2;FALSE;FALSE;FALSE;FALSE;FALSE;FALSE
977;FALSE;37;61;265;TRUE;0.25;0.5;0.4;0;738;0;FALSE;FALSE;TRUE;FALSE;FALSE;FALSE
978;FALSE;3459;328;1270;TRUE;0.85;0.55;0.3;61;25174;7;FALSE;FALSE;FALSE;FALSE;FALSE;FALSE
979;FALSE;7006;681;13638;FALSE;0.45;0.4;0.2;155;121596;27;FALSE;FALSE;FALSE;FALSE;FALSE;FALSE
980;FALSE;50;63;114;FALSE;0.7;0.55;0.05;9;351;0;FALSE;FALSE;FALSE;FALSE;FALSE;FALSE
981;FALSE;66;163;174;TRUE;0.7;0;0.15;0;201;0;FALSE;FALSE;TRUE;FALSE;FALSE;FALSE
982;FALSE;1751;1685;20100;FALSE;0.1;0.65;0.15;64;11827;12;FALSE;FALSE;FALSE;FALSE;FALSE;FALSE
983;FALSE;177;180;2774;TRUE;1.05;0.5;0.1;24;2431;1;FALSE;FALSE;FALSE;FALSE;FALSE;FALSE
984;FALSE;241;377;578;TRUE;0.45;0.35;0;73;107;0;FALSE;FALSE;TRUE;FALSE;FALSE;FALSE
985;FALSE;94;285;1271;TRUE;0.95;0.65;0;53;684;1;FALSE;FALSE;TRUE;FALSE;FALSE;FALSE
986;FALSE;2896;42;57565;FALSE;0.2;0.55;0.05;158;4945;1;FALSE;FALSE;FALSE;FALSE;FALSE;FALSE
987;FALSE;17159;7094;3366;TRUE;0.15;0.6;0.1;82;9157;9;FALSE;FALSE;FALSE;FALSE;FALSE;FALSE
988;FALSE;262;284;203;TRUE;0.1;0.75;0;80;100;0;FALSE;FALSE;TRUE;FALSE;FALSE;FALSE
989;FALSE;262;284;203;TRUE;0.1;0.75;0;80;100;0;FALSE;FALSE;TRUE;FALSE;FALSE;FALSE
990;FALSE;2395;2542;40311;FALSE;0.35;0.95;0.15;32;15867;5;FALSE;FALSE;FALSE;FALSE;FALSE;FALSE
991;FALSE;526;112;3858;TRUE;0.1;0.1;0;63;1913;2;FALSE;FALSE;TRUE;FALSE;FALSE;FALSE
992;FALSE;418;473;576;TRUE;0.55;0.35;0;129;1721;0;FALSE;FALSE;TRUE;FALSE;FALSE;FALSE
993;FALSE;953;914;18282;TRUE;0.1;0.95;0;5;2512;0;FALSE;FALSE;TRUE;FALSE;FALSE;FALSE
994;FALSE;471;260;2976;TRUE;0.2;0.45;0;72;908;0;FALSE;FALSE;TRUE;FALSE;FALSE;FALSE
995;FALSE;574;151;404;TRUE;0.8;0.25;0;37;3459;1;FALSE;FALSE;TRUE;FALSE;FALSE;FALSE
996;FALSE;1866;1863;16736;TRUE;0.3;0.45;0;18;2922;2;FALSE;FALSE;TRUE;FALSE;FALSE;FALSE
997;FALSE;1294;113;2163;TRUE;3.65;1.2;0;52;3467;2;FALSE;FALSE;FALSE;FALSE;FALSE;FALSE
998;FALSE;497;48;189;TRUE;0.05;0.37;0.32;42;568;2;FALSE;FALSE;FALSE;FALSE;FALSE;FALSE
999;FALSE;1186;103;89;TRUE;0.15;0.55;0.1;29;3366;2;FALSE;FALSE;FALSE;FALSE;FALSE;FALSE
1000;FALSE;117;67;448;FALSE;1;0.3;0.1;152;181;0;FALSE;FALSE;FALSE;FALSE;FALSE;FALSE
